,id,date,rating,views,like,title,text
0,5,cjsthf0***예매자,2020.05.25,조회 515,"공감 4
공감하기",베스트한국적인 미를 정말 잘 살린 뮤지컬,"스토리에 막 엄청난 반전이 있다거나 블록버스터 같은 뮤지컬은 아닌데, 쓸대없는 요소를 거의 제거하고 배우들의 노래와 연기만으로 공백 없이 무대를 꾸린 것 같습니다! 인물들의 의상이 거의 흰색이고 무대장치도 간결하지만 전혀 빈 것 같다는 생각이 안 들고, 여백의 미가 무엇인지를 정말 잘 보여준 뮤지컬이라고 생각합니다. 도창의 소리가 위화감 없이 뮤지컬에 잘 녹아들었고 연출도 정말 훌륭합니다. 절제에서 나오는 우아함이 무엇인지 보여주는 것 같습니다."
1,5,hmi***예매자,2020.09.16,조회 17,"공감 0
공감하기",박민성 배우님의 도미,제가 웬만해서는 잘 안우는 편인데 성도미 연기를 보고 안울순 없습니다ㅠㅠ 얼른 랑가 돌아와주세요ㅠㅠㅠㅠㅠ 난 당신보고 하늘에서 나들이 온 선녀인줄 알았지 이부분도 같이 돌아와야되요ㅠㅠ 제 눈물버튼
2,4,kanon***예매자,2020.09.06,조회 21,"공감 0
공감하기",재미있어요,판소리와의 조합 굳...
3,5,loveej***예매자,2020.08.31,조회 8,"공감 1
공감하기",감사합니다,"재 오픈하고 두번째 관람입니다
무사히 다시 올려주신것에 너무 감사합니다 ㅠ
이제 연장만 해주시면 됩니다 ㅠ"
4,5,loveej***예매자,2020.08.31,조회 16,"공감 0
공감하기",좋아요!,좋아요!
5,5,loveej***예매자,2020.08.31,조회 18,"공감 0
공감하기",인혜배우님 사랑해요!!!,인혜도창님 들리시나요 제 사랑이!!!!
6,5,loveej***예매자,2020.08.31,조회 11,"공감 0
공감하기",얼마 안남은 아쉬움,매회마다 이렇게 좋은데 끝이 보이니 더더욱 아쉽네요
7,5,loveej***예매자,2020.08.31,조회 12,"공감 0
공감하기",연장해주세요 ㅠ,아랑가 이대로 못보냅니다 연장해주세요 ㅠ
8,5,loveej***예매자,2020.08.31,조회 19,"공감 0
공감하기",개로 이마 팍팍,박정원 개로 이마 팍팍
9,5,loveej***예매자,2020.08.31,조회 15,"공감 0
공감하기",개로님 해명하세요,해명해요 ㅠ
10,5,mist***예매자,2020.08.11,조회 15,"공감 0
공감하기",국악과의 조화,"이런 퓨전 뮤지컬 좋아요.
도창님 넘 매력적~
다시 보고 싶어요"
11,5,good1004g***예매자,2020.08.10,조회 18,"공감 0
공감하기",다음 시즌 또 보고싶어요,"공연이 중단되는 바람에 몇 번 못보고 끝난게 아쉽네요..
다음 시즌이 빨리 왔으면 좋겠습니다.."
12,5,1004g***예매자,2020.08.10,조회 20,"공감 1
공감하기",너무 좋았어요,"무대의 조명과 배경들이 어우러져
너무 예뻤습니다.
배우들의. 연기와 노래도 너무 좋았는데
특히 도창 너무 인상적이었고,
이런 창이 한국 뮤지컬에도 더 자주 불릴 수 있으면 좋을 것 같습니다."
13,5,jpongpu***예매자,2020.08.10,조회 15,"공감 0
공감하기",후기,여운이 길게 남고 배우님들 노래연기 모두 좋았어요!!
14,4,sgp1***예매자,2020.08.05,조회 17,"공감 0
공감하기",재밌어요,극 전체를 관통하는 소재 자체에서 시기상 보기 불편한 부분들이 있었지만 이것만 잘 고쳐져서 돌아오면 좋겠다는 생각이 들 만큼 잘 봤습니다. 실황 DVD 내주세요.
15,5,eunhwi***예매자,2020.08.05,조회 10,"공감 0
공감하기",좋아요,아랑아랑아랑아랑 자꾸 생각나요ㅜㅠ
16,5,cjsthf0***예매자,2020.05.25,조회 515,"공감 4
공감하기",베스트한국적인 미를 정말 잘 살린 뮤지컬,"스토리에 막 엄청난 반전이 있다거나 블록버스터 같은 뮤지컬은 아닌데, 쓸대없는 요소를 거의 제거하고 배우들의 노래와 연기만으로 공백 없이 무대를 꾸린 것 같습니다! 인물들의 의상이 거의 흰색이고 무대장치도 간결하지만 전혀 빈 것 같다는 생각이 안 들고, 여백의 미가 무엇인지를 정말 잘 보여준 뮤지컬이라고 생각합니다. 도창의 소리가 위화감 없이 뮤지컬에 잘 녹아들었고 연출도 정말 훌륭합니다. 절제에서 나오는 우아함이 무엇인지 보여주는 것 같습니다."
17,5,bisbis***예매자,2020.08.03,조회 11,"공감 1
공감하기",아랑 아랑 아랑 아랑 아랑 아랑 아랑,우리 가요~~ 통트는 사연의 마을로~~~!!!!
18,5,soso1***예매자,2020.08.03,조회 8,"공감 0
공감하기",아랑아랑,정말 잘보고 왔습니다.
19,5,kiwis***예매자,2020.08.03,조회 14,"공감 0
공감하기",또 볼 수 있기를,너무 좋았어요
20,5,kiwis***예매자,2020.08.03,조회 14,"공감 0
공감하기",더 봤어야했는데,"노래가 너무 좋아요... 무대와 의상도 훌륭합니다.
코로나때문에 예매취소당하고, 연기되다가 겨우 보기시작했는데 기간이 너무 짧았어요
OST 가 없어서 아쉬움"
21,5,nok***예매자,2020.08.03,조회 10,"공감 0
공감하기",다시 돌아왔으면..,무대 구성도 넘버도 좋았는데 코로나때문에 많이 보지 못한게 너무 아쉬워요 송배우 보고싶었는데..... ㅠㅠ
22,5,variety0***예매자,2020.08.03,조회 11,"공감 0
공감하기",아랑~아랑,"코로나때문에ㅜㅜ 별로 못봐서 너무 아쉬워요ㅠㅠ
담에 또와주세요"
23,5,choka***예매자,2020.08.03,조회 10,"공감 0
공감하기",좋은 뮤지컬이에요,송원근 배우의 새로운 모습을 볼 수 있었고 박민성 배우님도 역할이랑 잘 맞아서 좋았습니다. 아랑은 지숙배우님과 정연 배우님 두 분으로 보았는데 두 분의 매력이 달라서 다 좋았던 것 같아요
24,5,choka***예매자,2020.08.03,조회 5,"공감 0
공감하기",좋았어요,너무 좋은 뮤지컬이에요 다음 시즌이 올라온다면 반드시 재관람하려고요
25,5,juhwa***예매자,2020.08.03,조회 4,"공감 0
공감하기",좋아요,좋아요
26,5,khjj***예매자,2020.08.03,조회 4,"공감 0
공감하기",최고,진짜 좋았어요
27,5,frais***예매자,2020.08.03,조회 3,"공감 0
공감하기",막공,"막공까지 완벽했어요!!
정말 중간에 공연 중단되었던 게 너무너무 아쉬운데
곧 다시 올라오길 기다립니다."
28,5,gold0***예매자,2020.08.03,조회 6,"공감 0
공감하기",정연천재,정연배우님천재만재 평생연기해주세요 그치만 아랑가 돌아오지마 2020년에 왕이 권력형성범죄 저지르는 극은 보고싶지 않아요
29,5,ilmiocu***예매자,2020.08.03,조회 3,"공감 0
공감하기",한국적 아름다움,최고의 뮤지카루
30,5,jiji0***예매자,2020.08.03,조회 3,"공감 1
공감하기",군더더기 없는 송원근 이지숙 배우의 페어막 공연,"다음 시즌에도 꼭 두 배우분 같이 와주셨으면 좋겠습니다
상상을 뛰어넘은 연기를 보여주셔서 감사해요"
31,4,yen***예매자,2020.08.03,조회 4,"공감 0
공감하기",잘봤어요,"잘봤어요ㅠㅠ 너무 좋아요ㅠㅠㅠ 다들 아랑을 그냥 좀 냅둬라,,,"
32,5,cjsthf0***예매자,2020.05.25,조회 515,"공감 4
공감하기",베스트한국적인 미를 정말 잘 살린 뮤지컬,"스토리에 막 엄청난 반전이 있다거나 블록버스터 같은 뮤지컬은 아닌데, 쓸대없는 요소를 거의 제거하고 배우들의 노래와 연기만으로 공백 없이 무대를 꾸린 것 같습니다! 인물들의 의상이 거의 흰색이고 무대장치도 간결하지만 전혀 빈 것 같다는 생각이 안 들고, 여백의 미가 무엇인지를 정말 잘 보여준 뮤지컬이라고 생각합니다. 도창의 소리가 위화감 없이 뮤지컬에 잘 녹아들었고 연출도 정말 훌륭합니다. 절제에서 나오는 우아함이 무엇인지 보여주는 것 같습니다."
33,4,yen***예매자,2020.08.03,조회 4,"공감 0
공감하기",잘봤어요,다음엔 꼭 길게 봤으면 좋겠습니다~`
34,4,yen***예매자,2020.08.03,조회 2,"공감 0
공감하기",짧게 만나서 너무 아쉬워요,ㅠㅠ 정말 너무 짧게 봐서 아쉬워요.. 이제 막 다들 더 좋아지고 있을 때 떠났네요..
35,5,silverain***예매자,2020.08.03,조회 3,"공감 0
공감하기",좋았어요,간만에 보니 더욱 좋네요
36,4,starcle0***예매자,2020.08.01,조회 7,"공감 0
공감하기",전통악기들과 현대음악의 조화,뮤지컬 넘버임에도 불구하고 전통악기들과 현대음악이 어우러지고 창까지 들을 수 있어서 좋았습니다.
37,5,urrea***예매자,2020.08.01,조회 9,"공감 0
공감하기",다시 와주세요,꼭. 다시와주세요. 이번에 예매해놓았던 표들이 아스라지고 아스라지는 동안 얼마나 마음이 찢어졌는지.. 너무 짧았습니다.. 다시와주세요..
38,5,psal***예매자,2020.08.01,조회 6,"공감 0
공감하기",아랑~ 아랑~ 아랑~,"작년 대학로에서 처음 봤던 아랑가....
이번에는 정동극장이라고 해서 기대가 되었어요!!
무대가 더 심플하고 넓은데 연출이 진짜 너무 좋아서~
도창 역시 소름... 너무너무 좋았구요^^
박정원 개로, 정연 아랑, 박민성 도미, 양승리 도림
이진우 사한, 정지혜 도창...
모두 너무 좋았어요 ㅠㅠ"
39,5,mayb***예매자,2020.07.31,조회 6,"공감 0
공감하기",아랑 아랑 아랑 아랑,계속 중단되었어서 아쉬워요. 다시보고싶습니다.
40,5,bisbis***예매자,2020.07.31,조회 5,"공감 0
공감하기",저 아이가 왕이되면 저주받아 구천을~~~~,아랑가 보고 싶어서 구천을 헤메게 되네요. 진짜ㅠㅠㅠㅠ
41,5,bisbis***예매자,2020.07.31,조회 6,"공감 0
공감하기",백제의 태양을 잡아 저 서산 위로 뜨게 하라,4연 오실때 박민성 도미도 꼭 같이 오셨으면 ㅠㅠㅠㅠ 장군. 저는 장군님 보고 싶어요ㅠㅠㅠㅠ
42,5,bisbis***예매자,2020.07.31,조회 5,"공감 0
공감하기",아랑 아랑 아랑 아랑 아랑 아랑 아랑,빨리 4연 와주세요ㅠㅠㅠㅠㅠ
43,5,color***예매자,2020.07.30,조회 6,"공감 0
공감하기",좋았습니다.,계속된 취소로 뒤늦게 본게 너무 아쉬웠네요. 무대 조명과 세트 연출이 아름다웠습니다. 좋았어요
44,5,gdsh***예매자,2020.07.30,조회 7,"공감 0
공감하기",세미막공은 레전~~,공연이 중단되기도 하고 힘들지만 끝까지 열심히 공연하신 배우닙과 관객 모두 수고하셨습니다.
45,5,garden***예매자,2020.07.29,조회 10,"공감 0
공감하기",자첫에 치여서 답이 없습니다...,"모든 배우님들, 그리고 음악과 무대장치까지 정말 완벽했어요ㅠㅠ왜 아무도 저에게 영업을 안 해주셨는지ㅠㅠㅠㅠㅠㅠ재연 돌아오면 열심히 회전문 돌고 싶습니다ㅠㅠ"
46,5,garden***예매자,2020.07.29,조회 9,"공감 0
공감하기",진짜 말도 안 되게 좋아요ㅠㅠㅠ,너무 늦게 알아버려서 2번밖에 보지 못한 게 후회됩니다ㅠㅠㅠ빠른 시일 내에 재연 올려 주세요ㅠㅠㅠㅠ
47,5,gkdud9***예매자,2020.07.29,조회 11,"공감 0
공감하기",흐어어ㅓㅇ최고,진짜 너무너무 궁금했던 공연이었는데 이렇게 보게 되서 진짜 행복했어요! 일단 넘버도 무대도 너무 좋구 연기 정말 잘하셔서 좋은 시간이었어요
48,5,cjsthf0***예매자,2020.05.25,조회 515,"공감 4
공감하기",베스트한국적인 미를 정말 잘 살린 뮤지컬,"스토리에 막 엄청난 반전이 있다거나 블록버스터 같은 뮤지컬은 아닌데, 쓸대없는 요소를 거의 제거하고 배우들의 노래와 연기만으로 공백 없이 무대를 꾸린 것 같습니다! 인물들의 의상이 거의 흰색이고 무대장치도 간결하지만 전혀 빈 것 같다는 생각이 안 들고, 여백의 미가 무엇인지를 정말 잘 보여준 뮤지컬이라고 생각합니다. 도창의 소리가 위화감 없이 뮤지컬에 잘 녹아들었고 연출도 정말 훌륭합니다. 절제에서 나오는 우아함이 무엇인지 보여주는 것 같습니다."
49,5,am121***예매자,2020.07.29,조회 9,"공감 0
공감하기",아랑가,어쩌다 이렇게 사랑해서..
50,5,am121***예매자,2020.07.29,조회 9,"공감 0
공감하기",아랑가,오슷 주세요ㅠㅠ앵콜 해 주세요ㅠㅠ3번밖에 못보았단 말이에요ㅜㅠ
51,5,am121***예매자,2020.07.29,조회 8,"공감 0
공감하기",아랑가,도라와아아아유ㅠㅠㅠㅠㅠ
52,4,ssovo***예매자,2020.07.29,조회 11,"공감 0
공감하기","""이 긴 생을 모두 살아냈는데도 도무지 산 것 같지가 않구나"" 공연기간이 짧아서 아쉬웠던!!","코로나19때문에 취소된 회차가 너무 많아서.. 아쉬웠던!!!
앵콜 공연 가즈아~"
53,5,hjk***예매자,2020.07.29,조회 10,"공감 0
공감하기",공연을 볼 수 있어서 너무 좋아요~!!,공연을 볼 수 있어서 너무 좋아요~!!
54,5,opan3***예매자,2020.07.29,조회 9,"공감 0
공감하기",아랑가를 보낸 날,7월에 일정이 안되어 6월에 많이 보려고 했지만 길어진 중단기간때문에 5월 두 번 7월 한 번을 끝으로 보내주네요ㅜㅜ 이번 시즌에 처음 봤지만 정말 좋아했고 아직까지도 넘버들 매일 찾아 듣고있어요. 배우들도 다들 정말 잘해서 가릴 캐스팅도 전혀 없었어요. 그런 의미에서 ost 내주시면 좋겠네요. ost... os...t..... 오에스티........ 솔직히 이런 넘버들로 ost 안내는건 안됩니다ㅜㅜㅜㅜ 다음에 이 배우들 다시 데려와주시고 조만간 ost 소식이 들리길 간곡히 바랍니다. 아랑가 오슷을 잡아 저 서산 위로 뜨게 하라
55,5,spring6***예매자,2020.07.28,조회 11,"공감 0
공감하기",아랑은 아직이냐.....,"끝나고 나오면 아랑.. 아랑... 하면서 등장인물 이름을 노래하게 됨...
내년에 또 올거죠 올해 이렇게 짧게 하고 아쉬우니까 내년에 또 할거죠"
56,5,swe***예매자,2020.07.28,조회 10,"공감 0
공감하기",슬프지만 재밌어요,"스토리 자체는 좀 불호가 있을수도 있지만
배우분들이 연기도 워낙 잘하시고 노래도 잘하셔서 인지
각 캐릭터에 공감도 되고 재밌게 잘봤습니다.
너무 슬프고 안쓰럽기도 했지만 좋은 공연이었습니다ㅠㅠㅠ"
57,5,jjoo0***예매자,2020.07.28,조회 10,"공감 0
공감하기",정연 잘생겼다,정연 잘생겼다
58,5,mira***예매자,2020.07.28,조회 9,"공감 0
공감하기",아랑가가 끝났다는게 믿어지지않네요ㅠㅓ,"너무좋아하던 배우분들 많이 나와서 좋아했는데요
벌써 끝이라니 너무 아쉽네요 ㅠㅠ"
59,4,heu03***예매자,2020.07.28,조회 9,"공감 1
공감하기",잘 보았습니다.,"잘 보았습니다, 이지숙배우님 작품은 처음봤는데 정말정말 소리가 좋았어요.
행복할때, 어릴때, 슬픔, 여러가지의 감정과 상황에 맞춰 소리를 다르게 낸다는것 그런 디테일에 놀랐습니다.
그리고 양승리 배우님, 착한얼굴속에서도 자신의 고구려를 위해 배신을 마다하지않는 그 모습 잘 어울렸던것 같습니다."
60,5,vers***예매자,2020.07.28,조회 5,"공감 0
공감하기",너무 재미있어요,너무 재미있어요
61,5,kjri0***예매자,2020.07.28,조회 7,"공감 0
공감하기",너무좋았어요,아랑가 가지마ㅠㅠㅠㅠㅠㅠㅠㅠㅠㅠㅠㅠㅠ
62,5,kjri0***예매자,2020.07.28,조회 7,"공감 0
공감하기",너무좋았어요,"지숙아랑 다음시즌에도 또 오실거죠...
마지막이라니 믿고싶지않아요ㅠ"
63,5,kjri0***예매자,2020.07.28,조회 6,"공감 0
공감하기",너무좋았어요,정원개로 왜이리 짠한가요ㅠ
64,5,cjsthf0***예매자,2020.05.25,조회 515,"공감 4
공감하기",베스트한국적인 미를 정말 잘 살린 뮤지컬,"스토리에 막 엄청난 반전이 있다거나 블록버스터 같은 뮤지컬은 아닌데, 쓸대없는 요소를 거의 제거하고 배우들의 노래와 연기만으로 공백 없이 무대를 꾸린 것 같습니다! 인물들의 의상이 거의 흰색이고 무대장치도 간결하지만 전혀 빈 것 같다는 생각이 안 들고, 여백의 미가 무엇인지를 정말 잘 보여준 뮤지컬이라고 생각합니다. 도창의 소리가 위화감 없이 뮤지컬에 잘 녹아들었고 연출도 정말 훌륭합니다. 절제에서 나오는 우아함이 무엇인지 보여주는 것 같습니다."
65,5,kjri0***예매자,2020.07.28,조회 5,"공감 0
공감하기",너무 좋았어요,런개로 너무 멋있는데 불쌍함ㅜ
66,5,shinh***예매자,2020.07.28,조회 12,"공감 0
공감하기",와... 진짜ㅠㅠ 미쳤어요,매번 op석에서만 보다가 처음으로 중앙 뒷쪽에서 보게되었는데 조명과 배경을 이렇게 잘 쓰는지 처음 알게 되었습니다ㅠㅠㅠ 전체적으로 보니까 또 다른 느낌의 극이 되어버렷어ㅠㅠ 왜 벌써 끝난거죠ㅠㅠㅠ
67,5,shinh***예매자,2020.07.28,조회 5,"공감 0
공감하기","가창력, 연기력 무엇하나 빠지지 않는...",보는 내내 누가 제일 나쁜 사람인가... 생각하다가 다 저마다의 사정이 있어서 나쁘다고도 못할정도로 연기를 너무 잘하심 ㅜㅡㅠ
68,5,shinh***예매자,2020.07.28,조회 5,"공감 0
공감하기",한국적인 뮤지컬,피아노와 창이 어울릴수가 있구나? 라는 생각을 갖게 만들어준 뮤지컬
69,5,shinh***예매자,2020.07.28,조회 5,"공감 0
공감하기",취향저격,사극을 좋아해서 이미 취향이었는데 창과 뮤지컬이 이렇게 잘 어울리다니... 너무 멋졌습니다
70,5,m***예매자,2020.07.28,조회 5,"공감 0
공감하기",아랑? 아랑! 아랑? 아랑!,맴도는 그이름
71,5,zmsquf***예매자,2020.07.28,조회 7,"공감 0
공감하기",민들레꽃을 찾아간 나비,"가사 하나하나가 아름답습니다
빛과 어둠, 달과 별 등 가사를 자연스레 매치하여 의미를 극대화시켜줍니다.. 4연에 이 캐스팅 그대로 와준다면 앞구르기 뒷구르기 낙법치며 큰절하겠습니다"
72,5,zmsquf***예매자,2020.07.28,조회 5,"공감 0
공감하기",우리 가요- 보름달이 지지 않는 그곳에,"우리가요A, B 정말 좋습니다.. 좋지 않은 넘버가 없습니다ㅠㅠ 다 좋아요.. 올해 관극 중에 제일 잘 보았고 많이 울었습니다"
73,5,rer***예매자,2020.07.27,조회 7,"공감 0
공감하기",최고..,정말 봤던 공연중에 이렇게 멋있고 가슴이 울렸던 공연이 있었나 생각해보게 되었어요. 보는 내내 무대도 무대조명도 노래도 배우님들도 하나하나 너무 멋있어서 끝나는게 너무 아쉬웠고 다시올라왔으면 좋겠어요 ㅠㅠㅠㅠㅠㅠㅠㅠㅠㅠㅠㅠㅠㅠㅠㅠㅠ
74,5,esther10***,2020.07.27,조회 8,"공감 0
공감하기",벚꽃 피는 봄날에 다시 돌아와주길,코로나때문에 중단된 일자가 공연한 일자보다 많다는게 너무너무너무 속상합니다 연출 조명 넘버 배우분들 연기 그리고 도창님들의 창 잊지 못할 거예요 두 번밖에 못본게 너무 안타깝네요 정동극장으로 가는 길 극을 곱씹으며 돌아오는 길 무대인사 커튼콜 모두 하나하나 기억에 오래 남을 것 같고 송원근 이지숙 배우님 다시 한 번 개로 아랑으로 와주세요ㅠㅠㅠㅠ 그리고 꼭 잊지않고 ost나 dvd 내주시길 바라요 ;ㅁ;
75,5,nagongju***예매자,2020.07.27,조회 6,"공감 0
공감하기",아랑가 너무 재미있게 봤습니다,넘버도 너무 좋았고 무대 연출이 특이해서 재미있었습니다. 그리고 도창분 노래 너무너무 잘하세요!!
76,5,eunhwi***예매자,2020.07.27,조회 9,"공감 0
공감하기",진짜 좋아요,코로나 때문에 너무 짧게 해서 아쉬워요
77,5,eunhwi***예매자,2020.07.27,조회 12,"공감 0
공감하기",아랑 아랑 아랑 아랑,자꾸 노래가 머릿솟에서 맴돌아요ㅜㅜ넘 좋아요ㅠ
78,5,7dq2j***예매자,2020.07.27,조회 7,"공감 0
공감하기",뮤지컬 〈아랑가〉,뮤지컬 〈아랑가〉
79,5,junsul0***예매자,2020.07.27,조회 7,"공감 0
공감하기",먹먹한 기분,보고나면 많은 생각이 듭니다
80,5,cjsthf0***예매자,2020.05.25,조회 515,"공감 4
공감하기",베스트한국적인 미를 정말 잘 살린 뮤지컬,"스토리에 막 엄청난 반전이 있다거나 블록버스터 같은 뮤지컬은 아닌데, 쓸대없는 요소를 거의 제거하고 배우들의 노래와 연기만으로 공백 없이 무대를 꾸린 것 같습니다! 인물들의 의상이 거의 흰색이고 무대장치도 간결하지만 전혀 빈 것 같다는 생각이 안 들고, 여백의 미가 무엇인지를 정말 잘 보여준 뮤지컬이라고 생각합니다. 도창의 소리가 위화감 없이 뮤지컬에 잘 녹아들었고 연출도 정말 훌륭합니다. 절제에서 나오는 우아함이 무엇인지 보여주는 것 같습니다."
81,5,junsul0***예매자,2020.07.27,조회 7,"공감 0
공감하기",언제 다시 오나요,보고싶어요
82,5,hjpark9***예매자,2020.07.27,조회 7,"공감 0
공감하기",아랑가 꼭 돌아와야해요 ㅠㅠㅠㅠ,너무 좋아했는데 짧아서 더더욱 아쉬웠던 극....
83,5,hjpark9***예매자,2020.07.27,조회 6,"공감 0
공감하기",아 랑 가,가 지 뭬......... 매화꽃 피는 봄날 꼭 다시 만날 수 있길
84,5,hjpark9***예매자,2020.07.27,조회 6,"공감 0
공감하기",아랑가,배우들 페어막이었어서 그런지 완전 레전이었어요...
85,5,mayjiwon***예매자,2020.07.27,조회 12,"공감 0
공감하기",오슷 왜 안 내주나요ㅠㅠ,2년 만에 다시 봤는데 저번에는 아랑가 후렴만 남았다면 이번에는 각 배우들의 연기와 캐릭터가 보여서 좋았습니다. 특히 도창님의 소리는 마음을 뻥 뚫리게 해줘서 너무너무 감사한 공연이었습니다! 오슷 내주세요ㅠㅠ
86,5,sh***예매자,2020.07.27,조회 8,"공감 0
공감하기",뮤지컬과 판소리의 만남,한국적인 느낌을 살려 전통과 뮤지컬을 함께 할 수 있다는 점이 좋았어요
87,5,dudeu***예매자,2020.07.27,조회 9,"공감 0
공감하기",4연 기다려요!,정말 훌륭한 예술작품이라고 생각합니다!
88,4,a***예매자,2020.07.27,조회 7,"공감 0
공감하기",재밌었어요,재밌었어요
89,5,jse7***예매자,2020.07.27,조회 8,"공감 0
공감하기",아랑가,"아랑가 ㅠㅠ
끝이 났네요 ㅠㅠ 4연 빨리 돌아왔으면 좋겠어요~"
90,5,jse7***예매자,2020.07.27,조회 7,"공감 0
공감하기",아랑가,"아랑가 ㅠㅠ
잘보고 왔습니다~"
91,5,k5359***예매자,2020.07.27,조회 9,"공감 0
공감하기",진짜꼭봐야됌,이제없지만......다음시즌에꼭보세요
92,5,kaira***예매자,2020.07.27,조회 8,"공감 0
공감하기",아랑가,중독성강한노래들 다시듣고싶어요
93,5,kaira***예매자,2020.07.27,조회 8,"공감 0
공감하기",아랑가,아랑아랑아랑아랑아랑아랑아랑아랑가
94,5,kaira***예매자,2020.07.27,조회 8,"공감 0
공감하기",아랑가,벌써 다시보고싶은데 끝났네요ㅜ
95,5,juns***예매자,2020.07.27,조회 6,"공감 0
공감하기",잘 봤습니다,노래는 좋아요
96,5,cjsthf0***예매자,2020.05.25,조회 515,"공감 4
공감하기",베스트한국적인 미를 정말 잘 살린 뮤지컬,"스토리에 막 엄청난 반전이 있다거나 블록버스터 같은 뮤지컬은 아닌데, 쓸대없는 요소를 거의 제거하고 배우들의 노래와 연기만으로 공백 없이 무대를 꾸린 것 같습니다! 인물들의 의상이 거의 흰색이고 무대장치도 간결하지만 전혀 빈 것 같다는 생각이 안 들고, 여백의 미가 무엇인지를 정말 잘 보여준 뮤지컬이라고 생각합니다. 도창의 소리가 위화감 없이 뮤지컬에 잘 녹아들었고 연출도 정말 훌륭합니다. 절제에서 나오는 우아함이 무엇인지 보여주는 것 같습니다."
97,5,kaira***예매자,2020.07.27,조회 6,"공감 0
공감하기",아랑가,아랑아랑아랑아랑아랑아랑아랑아랑아랑아랑
98,5,juns***예매자,2020.07.27,조회 7,"공감 0
공감하기",잘 봤습니다,아랑가는 어쩌다보니 초연부터 재연 지금 삼연까지 다 보고 있는데 사실 취향은 아닙니다. 하지만 배우가 취향이면 봐야죠...
99,5,juns***예매자,2020.07.27,조회 5,"공감 1
공감하기",잘 봤습니다,초연재연 개로들은 불쌍한척을 많이 하는 개로였고 그 불쌍한 척에 설득당해서 개로 욕을 실컷 못했는데 송원근 개로는 불쌍한 척을 안해서 나쁜 개로 속시원하게 욕을 할 수 있어 좋았습니다. 그리고 송원근 이지숙 박민성 노래 좋았어요!
100,4,sypark***예매자,2020.07.27,조회 7,"공감 0
공감하기",무대가 아름답네요,"지난번 정동극장에서 본 공연도 뮤지컬에 우리 소리를 엮은 공연이었는데, 이번에도 그런 공연을 볼 수 있어 좋았습니다. 무대가 아름다워요."
101,5,zoa38***예매자,2020.07.27,조회 7,"공감 0
공감하기",아랑가,보고싶소
102,5,zoa38***예매자,2020.07.27,조회 6,"공감 0
공감하기",김대현 잘생겼다,아랑가! 도미 장군!
103,5,zoa38***예매자,2020.07.27,조회 5,"공감 0
공감하기",우리 소리의 매력,한국적인 아름다움에 폭 젖어 보낸 시간
104,5,zoa38***예매자,2020.07.27,조회 5,"공감 0
공감하기",아랑가,어느 매화 꽃 피는 봄날 다시 만나요
105,4,zoa38***예매자,2020.07.27,조회 4,"공감 0
공감하기",백제 후크송,함께 부르리 아랑아랑아랑아랑
106,5,zoa38***예매자,2020.07.27,조회 3,"공감 0
공감하기",김대현 장군,아닐 리 없다
107,4,zoa38***예매자,2020.07.27,조회 2,"공감 0
공감하기",백제시대 꿈,폐하 이제 꿈에서 깨어날 시간입니다
108,4,zoa38***예매자,2020.07.27,조회 2,"공감 0
공감하기",노랫가락 타고 훨훨 날아 다녀요,아랑아랑아랑 그 노래!
109,5,zoa38***예매자,2020.07.27,조회 2,"공감 0
공감하기",김대현 잘생겼다,이제 어디서 보나!
110,5,yhj100***예매자,2020.07.27,조회 3,"공감 0
공감하기",아무것도 안남기고 떠나네요ㅠ,OST 나 유료생중계나 뭐라도 해주세요 제발요ㅠㅠ
111,5,whalswl***예매자,2020.07.27,조회 3,"공감 0
공감하기",너무 좋았어요,지숙배우님 목소리 정말 국보급 너무 좋아요
112,5,cjsthf0***예매자,2020.05.25,조회 515,"공감 4
공감하기",베스트한국적인 미를 정말 잘 살린 뮤지컬,"스토리에 막 엄청난 반전이 있다거나 블록버스터 같은 뮤지컬은 아닌데, 쓸대없는 요소를 거의 제거하고 배우들의 노래와 연기만으로 공백 없이 무대를 꾸린 것 같습니다! 인물들의 의상이 거의 흰색이고 무대장치도 간결하지만 전혀 빈 것 같다는 생각이 안 들고, 여백의 미가 무엇인지를 정말 잘 보여준 뮤지컬이라고 생각합니다. 도창의 소리가 위화감 없이 뮤지컬에 잘 녹아들었고 연출도 정말 훌륭합니다. 절제에서 나오는 우아함이 무엇인지 보여주는 것 같습니다."
113,4,whalswl***예매자,2020.07.27,조회 3,"공감 0
공감하기",잘봤습니다,판소리랑 어울리는 극 좋아요
114,5,daeerwe***예매자,2020.07.27,조회 3,"공감 0
공감하기",뮤지컬 아랑가 강력추천합니다.,뮤지컬 아랑가 강력추천합니다.
115,5,mol***예매자,2020.07.27,조회 3,"공감 0
공감하기",아랑 아랑 아랑 아랑,보고 나면 저도 모르게 아랑 아랑 거려서 최고의 후크송
116,4,yoda1***예매자,2020.07.27,조회 3,"공감 1
공감하기",재연 때 보고,"오랜만에 봤어요
다들 새로운 배우들이라 걱정도 됐지만
원래 애배들이라 좋았습니다
민성도미 정말 멋있네여ㅠ"
117,5,ezlov***예매자,2020.07.27,조회 2,"공감 0
공감하기",잘봤어요,"박정원 배우님이 너무 잘하시네요....

또 보고싶은데 끝났다니 너무 아쉬워요..."
118,5,wls2***예매자,2020.07.27,조회 2,"공감 1
공감하기",아랑,아랑아랑아랑 계속 생각나고 개로는 나쁜 놈이지만 정말 안쓰럽기도 해서 그리고 아랑미 몇번 나오는 지 세다가 관뒀다 ㅋㅋㅋㅋㅋ 인혜도창의 목소리는 정말 사람을 홀린다 민성도미는 장군..그자체 ... 도미와 아랑의 모습에 눈물도 나고 즐거웠습니다!
119,5,tgwae***예매자,2020.07.27,조회 2,"공감 0
공감하기",아랑가,굉장히 즐거운 관람이었습니다
120,5,shix***예매자,2020.07.27,조회 2,"공감 0
공감하기",매화향기,머무는 계절에 다시 만나요ㅇ
121,5,shix***예매자,2020.07.27,조회 2,"공감 0
공감하기",아랑 아랑 아랑!,"너는 왜 아랑인가
왜 하필 아랑인가"
122,5,khk120***예매자,2020.07.27,조회 5,"공감 0
공감하기",재밌었어요,다양한 볼거리도 많았고 판소리와 뮤지컬을 접목시킨게 좋았습니다
123,5,sym***예매자,2020.07.27,조회 6,"공감 0
공감하기",잘봤습니다ㅠㅠ,무대가 정말 멋집니다 우리 판소리를 활용한 부분도 좋았어요 재관람의사 있ㅅ브니다
124,4,alsdud0***예매자,2020.07.27,조회 8,"공감 0
공감하기",어찌울지않을수있는가아아앙,"동이 트면 아침의 마을로 떠날 수 있을까
이리모두 저버려 새벽별 따라 사라져야할까
아 산다는 건 무엇일까
아 길고 긴 삶에서 어찌 울지 않을 수 있는가
저 산 위에 떠올랐던 보름달이 어디갔나
내 앞길 비춰주던 달그림자마저 없구나"
125,5,alsdud0***예매자,2020.07.27,조회 6,"공감 0
공감하기",어찌울지않을스있는가,"흔들리는 두 눈을 가진
그대 손 잡아주고 싶으나
당신의 손으론 먼저
저무는 태양을 잡으시오"
126,5,dbtls9***예매자,2020.07.27,조회 6,"공감 0
공감하기","아랑...아랑....아랑......
라이브 후기","진짜 너무 좋아요! 꼭 보세요!
아랑가 다시오길 4연 기다립니다!
공연 좋았는데 중단되어서 더 안타까웠어요ㅠ"
127,5,dbtls9***예매자,2020.07.27,조회 7,"공감 0
공감하기","한국에서만 할 수 있는 뮤지컬!
라이브 후기","진짜 판소리가 진입장벽인데 전혀!!
꼭 보세요!! 안봤으면 후회할뻔 했어요!
판소리가 하드캐리해요:)"
128,5,cjsthf0***예매자,2020.05.25,조회 515,"공감 4
공감하기",베스트한국적인 미를 정말 잘 살린 뮤지컬,"스토리에 막 엄청난 반전이 있다거나 블록버스터 같은 뮤지컬은 아닌데, 쓸대없는 요소를 거의 제거하고 배우들의 노래와 연기만으로 공백 없이 무대를 꾸린 것 같습니다! 인물들의 의상이 거의 흰색이고 무대장치도 간결하지만 전혀 빈 것 같다는 생각이 안 들고, 여백의 미가 무엇인지를 정말 잘 보여준 뮤지컬이라고 생각합니다. 도창의 소리가 위화감 없이 뮤지컬에 잘 녹아들었고 연출도 정말 훌륭합니다. 절제에서 나오는 우아함이 무엇인지 보여주는 것 같습니다."
129,5,sksmsal***예매자,2020.07.27,조회 6,"공감 1
공감하기",재밌었습니다,"재미와 동시에 슬펐습니다
아랑을 이지숙 배우로 봤는데
어쩜그리 목소리가 고우신지
처음 그 목소리가 나올때부터 설렜고
초반에 행복할시절엔 정말 꾀꼬리 같고
후반에 가라앉은 목소리로 단호하게 말할땐 또 아팠습니다
민성배우도 참 멋있으시고 송우ㅜㄴ근배우도 너무 멋있느시나 참 미웠습니다 극 후반이 될수록 점점 미워보이더라구요...
고생많으셨고 결귝 다시 올라와서 제가 볼수 있었음에 감사합니다"
130,5,bisbis***예매자,2020.07.27,조회 7,"공감 0
공감하기",꽃피는 봄에 꼭 다시 만나요,보는동안 정말 행복했습니다!! 꼭 다시 만나요!!!
131,5,chzhgnl***예매자,2020.07.27,조회 7,"공감 0
공감하기",아랑아랑~,후크송이 머리에 박혀서 안나가요 ㅎㅎ
132,5,ppang***예매자,2020.07.27,조회 8,"공감 0
공감하기","안타까운 삶이 여운을 많이 남기네요.
라이브 후기","코로나19로 인해
예매를 해두고
가슴 졸이면서 기다렸던 극입니다.

아랑이라는 넘버가 귓가를 계속 맴도네요.
개로와 아랑의 삶이
이해가 되면서도 너무 아파서
여운이 많이 남습니다.

공연기간이 좀 더 길었더라면
조금 더
보는 즐거움이 컸을 텐데... 많이 아쉽네요."
133,5,kvv3***예매자,2020.07.27,조회 5,"공감 0
공감하기",도창 선생님 사랑해요,너무좋아요ㅜㅜ
134,5,yeon***예매자,2020.07.27,조회 4,"공감 0
공감하기",아랑가,원근개로 잘생겼다 연기잘하고 소리가 좋다 개로는 나쁘지 않아 죄없어 지숙아랑 대현도미 잘한다
135,5,2ndd***예매자,2020.07.27,조회 4,"공감 0
공감하기",백제의 태양을,아랑아랑
136,5,kang8***예매자,2020.07.27,조회 5,"공감 0
공감하기",다음엔 대학로에서 하면 좋겠어요...,다음엔 꼭 대학로에서 지금 캐슷 고대로 데려와주세요 ㅠㅠ 너무 아쉬워요 ㅠㅠㅠ
137,5,sanmg***예매자,2020.07.27,조회 4,"공감 0
공감하기",좋아여,아랑 아랑 아랑 아랑 아랑 아랑 아랑~
138,4,zoa38***예매자,2020.07.27,조회 4,"공감 0
공감하기",댄도미 사랑해,이 시국에 믿을 건 장군 뿐이오!
139,5,dudeu***예매자,2020.07.27,조회 4,"공감 0
공감하기",빨리 4연오세요!!!,ㅇ송원근 개로 데리고오세요ㅜㅜㅜ
140,3,mik0***예매자,2020.07.27,조회 4,"공감 0
공감하기",너무 재밌네요,온몸의 전율 느끼고 갑니다
141,5,shinhwa***예매자,2020.07.27,조회 5,"공감 0
공감하기",초연부터 좋아했던 극 다시 봐서 좋아요,"정동극장에서 해서 공연 중단된 것이 너무너무 아쉬웠는데
정동극장의 분위기와 무대 연출이 넘넘 좋아서 왜 정동극장이었는지 이해했습니다
초연부터 함께 했던 극인데 삼연 연출, 배우들 연기 다 좋았습니다"
142,4,zoa38***예매자,2020.07.27,조회 4,"공감 0
공감하기",아랑아랑아랑,그 노래 어렵고 힘든 날 위로해준 목소리
143,4,zoa38***예매자,2020.07.27,조회 5,"공감 0
공감하기",아름다운 노랫가락,아랑아랑아랑아랑 더 듣고싶어요 오슷 내주세요&#128591;&#127995;
144,5,cjsthf0***예매자,2020.05.25,조회 515,"공감 4
공감하기",베스트한국적인 미를 정말 잘 살린 뮤지컬,"스토리에 막 엄청난 반전이 있다거나 블록버스터 같은 뮤지컬은 아닌데, 쓸대없는 요소를 거의 제거하고 배우들의 노래와 연기만으로 공백 없이 무대를 꾸린 것 같습니다! 인물들의 의상이 거의 흰색이고 무대장치도 간결하지만 전혀 빈 것 같다는 생각이 안 들고, 여백의 미가 무엇인지를 정말 잘 보여준 뮤지컬이라고 생각합니다. 도창의 소리가 위화감 없이 뮤지컬에 잘 녹아들었고 연출도 정말 훌륭합니다. 절제에서 나오는 우아함이 무엇인지 보여주는 것 같습니다."
145,5,revedeeto***예매자,2020.07.27,조회 5,"공감 0
공감하기",정말 좋았습니다,오늘이 이제까지 본 날 중 최고였네요... 개로... 와... &#128077;
146,5,revedeeto***예매자,2020.07.27,조회 5,"공감 0
공감하기",최고,쉬는 기간 못 본 것이 아쉽네요...
147,5,skgkss***예매자,2020.07.27,조회 5,"공감 0
공감하기",아름다운 이야기,무대와 조멍 사용이 특히 인상깊었던 공연. 아름답고 완성도 높은 공연을 봐 좋았습니다.
148,5,anx***예매자,2020.07.27,조회 5,"공감 0
공감하기","아랑, 너는 누구인가.","시간이, 인생이, 사랑이 무엇인지 함께 고민해볼 수 있는 시간이었다."
149,2,cjsghkskg***예매자,2020.07.27,조회 6,"공감 0
공감하기",아랑가,아랑아랑아랑 좋았는데 아쉽네요 무대도 서사도 너무 비어있고 근데또 배우들은 너무 잘하고
150,5,jyj9***예매자,2020.07.27,조회 5,"공감 0
공감하기",아랑 아랑 아랑 그 노래,"왜 더 없죠 ㅠㅠ
5주 중단이었는데 5일은 연장해줘야 하는거 아닌가요 ㅠㅠ
오슷이나 딥디 주세오
아랑 아랑 아랑 머이에서 떠나지 않는 이 가락을 어찌하라고 이러시나요"
151,5,bor***예매자,2020.07.27,조회 5,"공감 0
공감하기",짝짝짝,"이제 끝난 공연이지만...
마지막까지 좋았던"
152,4,ddw9***예매자,2020.07.27,조회 5,"공감 0
공감하기","아랑가
라이브 후기",백제.최고의.후크송
153,5,jyj9***예매자,2020.07.27,조회 5,"공감 0
공감하기",아랑은어디있느냐,"아랑은 아직이냐
아랑 아랑아랑 아랑을 데려오라"
154,5,bor***예매자,2020.07.27,조회 4,"공감 0
공감하기",짝짝짝,멈춘 기간동안 공연의 한회 한회의 소중함을 다시 느낌
155,5,thebes***예매자,2020.07.27,조회 4,"공감 0
공감하기",너무 좋았어요,공연 오랫동안 중단돼서 오랜만에 보러 갔는데 너무 좋았어요 배우들 열연에 몰입이 진짜 잘 됐고 노래 진짜 좋았어요!
156,5,tpdus0***예매자,2020.07.27,조회 4,"공감 0
공감하기",최고,재밋었어요
157,5,sn0***예매자,2020.07.27,조회 4,"공감 0
공감하기",아랑~아랑~,"아랑~아랑~
슬프고도 아름다운..ㅠ"
158,5,subinr***예매자,2020.07.27,조회 4,"공감 0
공감하기",진짜 끝난것인가,ㅣㄷ을 수가 없다 한번밖에 못봐슨ㄴ데
159,3,cecili***예매자,2020.07.27,조회 6,"공감 0
공감하기",잘봤습니다,좀더 다듬어온다면 좋을텐데
160,5,cjsthf0***예매자,2020.05.25,조회 515,"공감 4
공감하기",베스트한국적인 미를 정말 잘 살린 뮤지컬,"스토리에 막 엄청난 반전이 있다거나 블록버스터 같은 뮤지컬은 아닌데, 쓸대없는 요소를 거의 제거하고 배우들의 노래와 연기만으로 공백 없이 무대를 꾸린 것 같습니다! 인물들의 의상이 거의 흰색이고 무대장치도 간결하지만 전혀 빈 것 같다는 생각이 안 들고, 여백의 미가 무엇인지를 정말 잘 보여준 뮤지컬이라고 생각합니다. 도창의 소리가 위화감 없이 뮤지컬에 잘 녹아들었고 연출도 정말 훌륭합니다. 절제에서 나오는 우아함이 무엇인지 보여주는 것 같습니다."
161,5,ilmiocu***예매자,2020.07.27,조회 4,"공감 0
공감하기",한국적 아름다움이 극대화된 작품,너무 아름다운 판소리와의 조화
162,5,uji***예매자,2020.07.27,조회 3,"공감 0
공감하기",도창최고,"인혜도창님밖에 못봐서 아쉬웠어요ㅜㅜ
두분 다 다음에 또 오셔서 더 볼 수 있기를!"
163,5,kyj901***예매자,2020.07.27,조회 4,"공감 0
공감하기",다시 볼 수 있었음에 그저 감사했습니다.,"스쳐지나가듯 극을 보낼까봐 걱정 반, 불안함 반이었는데 다시 만날수 있던 이 기적같음에 정말로 감사할뿐입니다.

여전히 좋은 넘버들과 배우님들의 연기에 감탄하였습니다."
164,5,ryn***예매자,2020.07.27,조회 3,"공감 0
공감하기",또 보고싶은극 아랑가..,"이제 막공을 해서 끝났지만
너뮤 잘만든 극 인 거 같아요"
165,5,psb***예매자,2020.07.27,조회 4,"공감 0
공감하기","중독성있는 멜로디!!
라이브 후기","아랑 아랑 아랑 아랑...
멜로디가 계속 멤돌아요..
개로의 눈빛 연기.. 너무 좋았습니다!!"
166,5,ondal***예매자,2020.07.27,조회 4,"공감 0
공감하기",항상 넘버가 너무 좋은 극,이번 시즌도 너무 잘 봤어요!
167,5,limeligh***예매자,2020.07.27,조회 4,"공감 0
공감하기",아랑가,여백과 그 여백을 적당히 채우는 연출이 인상깊었다 코로나때문에 못본 공연들이 아쉬웠다
168,5,dldpwn1***예매자,2020.07.27,조회 4,"공감 0
공감하기","다시 볼 수 있어서 너무 좋았던 공연
라이브 후기",다음에 더 길게 다시 만날 수 있길 바랍니다.
169,5,dada1***예매자,2020.07.27,조회 4,"공감 0
공감하기",디비디주세요,디비디주세요디비디주세요
170,5,jh950***예매자,2020.07.27,조회 4,"공감 0
공감하기",다시 볼 수 있음에 감사합니다,몇번의 공연 중단과 재개에 배우님들과 스텝분들 모두 고생 많으셨습니다 그래도 덕분에 다시 볼 수 있게 되어 너무 감사하고 행복했어요
171,5,ssub***예매자,2020.07.27,조회 5,"공감 0
공감하기","무대가 아름다워요
라이브 후기",재미있어요
172,5,jh950***예매자,2020.07.27,조회 6,"공감 0
공감하기",최고,송원근 배우님 최고에여!!!!!!!!!!!!!!!!!!
173,5,jh950***예매자,2020.07.27,조회 6,"공감 0
공감하기",조명 최고,조명이 이렇게 예쁜 작품이었다니...모든것이 완벽했던 공연이었습니다
174,5,dprhf***예매자,2020.07.27,조회 5,"공감 0
공감하기","오늘 마지막 공연을 보고 나오니
라이브 후기",코로나로 인해 취소된 공연들이 더 아깝게 느껴지네요ㅠㅠ
175,5,ththf***예매자,2020.07.27,조회 5,"공감 0
공감하기",인생이 무엇인가,"이 긴 생을 모두 살아냈는데도
도무지 산 것 같지가 않구나"
176,5,cjsthf0***예매자,2020.05.25,조회 515,"공감 4
공감하기",베스트한국적인 미를 정말 잘 살린 뮤지컬,"스토리에 막 엄청난 반전이 있다거나 블록버스터 같은 뮤지컬은 아닌데, 쓸대없는 요소를 거의 제거하고 배우들의 노래와 연기만으로 공백 없이 무대를 꾸린 것 같습니다! 인물들의 의상이 거의 흰색이고 무대장치도 간결하지만 전혀 빈 것 같다는 생각이 안 들고, 여백의 미가 무엇인지를 정말 잘 보여준 뮤지컬이라고 생각합니다. 도창의 소리가 위화감 없이 뮤지컬에 잘 녹아들었고 연출도 정말 훌륭합니다. 절제에서 나오는 우아함이 무엇인지 보여주는 것 같습니다."
177,5,wpr***예매자,2020.07.27,조회 5,"공감 0
공감하기",아랑가 제발 연장공연ㅠㅠㅠㅠㅠㅠㅠ,중단된 만큼 연장공연 해주세요ㅠㅠㅠㅠ
178,5,hajon***예매자,2020.07.27,조회 5,"공감 0
공감하기",볼 수 있어서 다행이었어요.,"궁금했는데 그래도 끝나기 전에 볼 수 있었네요ㅠㅠ
백제 이야기라 흥미롭기도 했고
넘버도 기억에 남아요.
도창 카리스마 멋있었습니다~!"
179,5,besta***예매자,2020.07.27,조회 5,"공감 0
공감하기",넘치지도 부족하지도 않은,전통과 현대적 감각이 조화가 잘된 뮤지컬이라는 인상을 받았어요 공연중단되어서 그사이에 놓친 회차들이 너무 아쉬웠습니다ㅠㅠ 빠른 시일 내로 꼭 다시 올라왔으면..!
180,5,crazyb***예매자,2020.07.27,조회 5,"공감 0
공감하기",전캐 너무 사랑이었던 아랑가!,넘버 너무 잘 뽑으신거 아닌가요... 도창 선생님들도 자꾸 생각나요 엄마~엄마~ㅠㅠㅠㅠㅠㅠ 제발 오슷 주세요...그리구 담번에 이 캐슷 데리고 다시 와주세요...
181,5,lseoyeo***예매자,2020.07.27,조회 4,"공감 0
공감하기","아랑~ 아랑~
라이브 후기",너무 좋았어요
182,5,lseoyeo***예매자,2020.07.27,조회 4,"공감 0
공감하기",아랑가,아랑~ 아랑~ 아랑~
183,5,crazyb***예매자,2020.07.27,조회 3,"공감 0
공감하기",아랑가,재개막 해주셔서 너무 감사했고 덕분에 성엔 안차지만 열심히 봤어요! 감사합니다! 꼭 오슷 내주셨으면 좋겠어요...알림 뜨는 날까지 기다리겠습니다 ??
184,5,jiyus***예매자,2020.07.27,조회 3,"공감 0
공감하기","아랑... 아랑... 아랑... 아랑...
라이브 후기",어제 처음봤는데 이 멜로디가 계속 생각나서 흥얼거리고 있다 완전 수능금지곡... 무대가 비어있으나 이 빈 부분을 배우들의 연기로 꽉꽉 채워서 볼 수 있어서 즐거운 관람이었가. 특히 해설자로 등장하는 도창의 기량이 정말 대단한것 같다. 다음시즌에서 또 볼 수 있기를...
185,5,fand***예매자,2020.07.27,조회 3,"공감 0
공감하기","아랑가
라이브 후기",취소됐던 아쉬움만큼 남은 공연을 더 애틋하게 볼 수 있었어요~ 재밌었어요
186,5,crazyb***예매자,2020.07.26,조회 5,"공감 0
공감하기",아랑가,너는 왜 아랑인가....오슷 내주세요.....귓속에서 자꾸만 맴돌아요 ㅠ0ㅠ
187,5,jae9***예매자,2020.07.26,조회 10,"공감 1
공감하기","아니 진짜 양심적으로...
라이브 후기",코로나로 취소된 기간만큼 연장해 주셔야되는거 아니예요? 오늘이 막공이라니 정말짜증~ 이렇게나 좋은극을... 너무 짧았어요~ 빨리 돌아와주세요~ 배우님들과 스텝분들 모두 고생하셨고 그만큼 잘봤습니다~ 감사했어요~ 아랑 아랑~~~
188,4,hong8***예매자,2020.07.26,조회 10,"공감 0
공감하기",아랑아랑..,아랑가... 재밌다... 신기했다... 뭔가 아리고 슬펐다... ㅠㅠㅠ
189,5,yuna7***예매자,2020.07.26,조회 10,"공감 0
공감하기",아랑가 가지마,ㅜㅜㅜ 너무 짧았어ㅜㅜㅜ
190,5,9001ash***예매자,2020.07.26,조회 10,"공감 0
공감하기",아랑가,"뮤지컬 아랑가.

판소리와의 정말 멋진 조합!
넘버가 다 너무 좋았지만
도창님 나오실 때마다 진짜 숨 죽이고 집중했어요. 너무 멋져요 ㅜㅜㅜㅜ

무대도 절제란 이런 것이다, 하고 보여주는 느낌.
비어있지만 꽉 찬 느낌이었어요.

코로나 때문에 많이 못 봐서 아쉽지만, 그래도 볼 수 있어서 다행이었어요.

꼭 또 보고 싶어요!!"
191,4,smile***예매자,2020.07.26,조회 13,"공감 0
공감하기",개로 보러 갔다가,"개로보러 갔다가 전체 극이 너무 좋았어요
비극적인 결말이어서 마음이 먹먹했고
나빠보이지만 안타까웠던 개로 장군 아랑,, 너무 재밌게 봤어요!!"
192,5,cjsthf0***예매자,2020.05.25,조회 515,"공감 4
공감하기",베스트한국적인 미를 정말 잘 살린 뮤지컬,"스토리에 막 엄청난 반전이 있다거나 블록버스터 같은 뮤지컬은 아닌데, 쓸대없는 요소를 거의 제거하고 배우들의 노래와 연기만으로 공백 없이 무대를 꾸린 것 같습니다! 인물들의 의상이 거의 흰색이고 무대장치도 간결하지만 전혀 빈 것 같다는 생각이 안 들고, 여백의 미가 무엇인지를 정말 잘 보여준 뮤지컬이라고 생각합니다. 도창의 소리가 위화감 없이 뮤지컬에 잘 녹아들었고 연출도 정말 훌륭합니다. 절제에서 나오는 우아함이 무엇인지 보여주는 것 같습니다."
193,5,kimdh2***예매자,2020.07.26,조회 13,"공감 0
공감하기",아랑아랑아랑~,"사랑과 파멸의 이야기가 배우들의 연기와 노래로 가슴 아프게 파고드는 극입니다.
무대 장치, 조명, 소품, 국악기와 서양 악기의 조화 등이 모두 좋았고
도창의 창은 그 공간을 전부 휘어잡았습니다.
아직도 아랑~아랑~이 귓가에 맴도며 마음이 아픕니다."
194,5,jabez***예매자,2020.07.26,조회 17,"공감 0
공감하기",꼭 다시 와주세요,"두 번의 예매취소를 겪고 세 번만에 아랑가를 만났습니다
대형뮤지컬 못지않게 공연장을 가득 채우는 넘버들과 연기
가림막(?)을 활용한 연출도,
특히 판소리를 활용한 넘버들에 소름이....

개로왕이 겪은 상처들이 탈출구를 찾게되고
그 욕망이 대상을 만나게되자
더욱 큰 집착이 되어
결국 스스로를, 나라를....
모든걸 잃고서야 빛을 만나는 그 슬픔.

이 긴 생을 모두 살아냈는데도
도무지 산 것 같지가 않다는
개로의 말이 떠나지를 않네요"
195,5,cs***예매자,2020.07.26,조회 13,"공감 0
공감하기",뮤지컬 아랑가,잘 봤습니다
196,5,cs***예매자,2020.07.26,조회 10,"공감 0
공감하기",뮤지컬 아랑가,잘 봤습니다
197,5,cs***예매자,2020.07.26,조회 8,"공감 0
공감하기",뮤지컬 아랑가,잘 봤습니다
198,5,cs***예매자,2020.07.26,조회 9,"공감 0
공감하기",뮤지컬 아랑가,잘 봤습니다!
199,5,since1***예매자,2020.07.26,조회 19,"공감 0
공감하기",오늘이 끝이네요..,"취소된 회차가 많아서 최대한 볼 수 있는건 거의 다 봤는데 아쉽네요
정지혜 박인혜 도창 너무 좋았어요 도창은 두분 다 가리지 않고 볼 수 있었어요 감사했어요"
200,5,xr0***예매자,2020.07.25,조회 22,"공감 1
공감하기","정말 왜 이제야 봤는지... 왜 자첫이 막공인지..
라이브 후기","하 정말 넘버, 서사, 무대연출 하나하나 너무 좋았어요ㅠㅠ
배우님들의 쫀쫀한 연기와 무대날릴듯한 성량에 압도당하고 왔는데 자첫회차가 세미막이라니여ㅠㅠㅠ 막공에 왜 제 표가 없는거져..??? 앞으로 아랑가 오길 목 빠지게 기다릴것 같아요ㅠㅠㅠ"
201,5,migi1***예매자,2020.07.25,조회 27,"공감 4
공감하기","왜 이제서야 봤는지...
라이브 후기","제발 공연 연장해주시거나 최대한 빠른 일자에 다시 돌아와주세요ㅜㅜㅜㅜㅠㅠㅜㅠ
물론 무리란걸 알지만 정말 재밌고 만족한 공연입니다. 머리 끝까지 소름 돋다가도, 인물들의 감정에 공감하면 한없이 슬퍼지는 매력적인 극이네요..."
202,5,gdalmig***예매자,2020.07.25,조회 22,"공감 0
공감하기",추천,연장해주세요...... 제발..
203,5,mol***예매자,2020.07.25,조회 22,"공감 0
공감하기",백제의 태양은!!,개로왕의 도미설화를 바탕으로 한 뮤지컬 너무 잘 봤습니다. 창가 판소리를 활용하여 우리 소리와 잘 어우러지게 만들어진 뮤지컬이라서 보는데 너무 놀랐어요. 특히 박인혜도창분이 너무 잘해서 빠져들듯이 봤습니다. 분명 주인공이 아닌 제3자의 화자로 극을 설명하는데도 카리스마와 무대장악력은 정말 대단했습니다.
204,5,wbsldj***예매자,2020.07.25,조회 23,"공감 0
공감하기",ㄴ￦ㅇㅇ,재미있어요ㅠㅠ
205,5,wbsldj***예매자,2020.07.25,조회 21,"공감 0
공감하기",아랑,정연 아랑 너무너무너무 좋았따ㅜㅜㅜㅜㅜㅜㅜ
206,5,wbsldj***예매자,2020.07.25,조회 23,"공감 0
공감하기",이제 곧,막공이라니..........
207,5,wbsldj***예매자,2020.07.25,조회 22,"공감 0
공감하기",ㅇㅇ,재미있어요
208,5,cjsthf0***예매자,2020.05.25,조회 515,"공감 4
공감하기",베스트한국적인 미를 정말 잘 살린 뮤지컬,"스토리에 막 엄청난 반전이 있다거나 블록버스터 같은 뮤지컬은 아닌데, 쓸대없는 요소를 거의 제거하고 배우들의 노래와 연기만으로 공백 없이 무대를 꾸린 것 같습니다! 인물들의 의상이 거의 흰색이고 무대장치도 간결하지만 전혀 빈 것 같다는 생각이 안 들고, 여백의 미가 무엇인지를 정말 잘 보여준 뮤지컬이라고 생각합니다. 도창의 소리가 위화감 없이 뮤지컬에 잘 녹아들었고 연출도 정말 훌륭합니다. 절제에서 나오는 우아함이 무엇인지 보여주는 것 같습니다."
209,5,wbsldj***예매자,2020.07.25,조회 24,"공감 0
공감하기",굳,"낮이랑 밤이랑 이렇게 다를 수가ㅜㅜ

댄도미 밤이 더 좋았다ㅜ"
210,4,wbsldj***예매자,2020.07.25,조회 15,"공감 0
공감하기",정연아랑,개로 손 잡아주는 아랑..ㅜㅜㅜㅜ
211,5,wbsldj***예매자,2020.07.25,조회 16,"공감 0
공감하기",커튼콜데이,주셔서 감사합니다
212,5,mist***예매자,2020.07.25,조회 20,"공감 0
공감하기","한국적인 가락 좋아요
라이브 후기",판소리와 뮤지컬의 만남이 조화롭게 잘 어우러져서 좋았어요. 도창분 소리 너무 매력적이고 노래도 다 좋았습니다. 막공주에 처음 본게 아쉬울 정도네요. 다음에 또 하면 또 보러갈듯. 그리고 정동극장 시야도 참 좋네요
213,5,sym***예매자,2020.07.24,조회 13,"공감 0
공감하기",잘봤습니다,무대가 심플하면서도 분위기있내요 넘벋ㆍㄷ 좋ㅅ븟다
214,5,yhj100***예매자,2020.07.24,조회 17,"공감 0
공감하기",인혜도창 멋있어요!,"적벽에서 보고 다른 극으로는 처음 보는건데 여전히 멋있으시네요ㅠ
창의 내공이 느껴지고 소리가 쩌렁쩌렁하니 속시원하고
다양한 작품으로 계속 보고싶어요"
215,5,tkddk1***예매자,2020.07.24,조회 13,"공감 0
공감하기",뮤지컬 〈아랑가〉,계속 취소되는 바람에 못보나 싶었는데 볼 수 있어서 너무 좋았습니다! 한국적인 넘버들도 너무 좋고 아랑가만의 특별함이 돋보였습니다!
216,4,heu03***예매자,2020.07.24,조회 16,"공감 0
공감하기",막공이 다가오니 많이 슬픕니다..,"막공이 다가와서 그런지 맴이 이상합니다.
코로나19의 여파로 공연이 중단되었었는데, 배우, 스텝분들 모두 포기하지 않고 열심히 해주셔서 정말감동이었습니다.
특히나 갔던날이 스페셜 커튼콜데이였는데 박정원배우님의 꿈속의 여인 아주 깔끔한 소리와 연기 보여주셔서 보기 편했습니다.
이번이 삼연이라는데 사연다시와주셨으면 좋겠습니다."
217,3,parkjieunko***예매자,2020.07.24,조회 23,"공감 0
공감하기",아랑 아랑 아랑 아랑,좋아요
218,5,vDo***예매자,2020.07.23,조회 14,"공감 0
공감하기",한국 정서의 뮤지컬,한국 정서를 이렇게도 표현가능 하네요
219,5,urrea***예매자,2020.07.23,조회 18,"공감 0
공감하기",공연기간이,공연기간이 너무 짧다고 생각합니다. 연장 부탁드립니다.
220,5,dpsak3***예매자,2020.07.23,조회 17,"공감 0
공감하기",김정연잘생겼다,천재임레알
221,5,arini0***예매자,2020.07.23,조회 23,"공감 0
공감하기",또 보고 싶다,"안 본 사람 없게 해주세요, 진짜 캐스팅 별로 해석 확실하고 다 다르니까 매번 볼 맛 난다... 내년에도 와주세요ㅠ"
222,5,arini0***예매자,2020.07.23,조회 20,"공감 0
공감하기",아랑 아랑...,개인적으로 판소리도 좋아해서 괜찮게 봤는데 와 너무 재미있는데 나 왜 막공주에 봤지...
223,5,esell***예매자,2020.07.23,조회 20,"공감 0
공감하기",너무 좋아요,"코로나가 원망스러워요.
이렇게 좋은, 완성도 높은 공연을 몇번 못보고 보내야 하다니요.
꼭 다시 올려주세요."
224,5,cjsthf0***예매자,2020.05.25,조회 515,"공감 4
공감하기",베스트한국적인 미를 정말 잘 살린 뮤지컬,"스토리에 막 엄청난 반전이 있다거나 블록버스터 같은 뮤지컬은 아닌데, 쓸대없는 요소를 거의 제거하고 배우들의 노래와 연기만으로 공백 없이 무대를 꾸린 것 같습니다! 인물들의 의상이 거의 흰색이고 무대장치도 간결하지만 전혀 빈 것 같다는 생각이 안 들고, 여백의 미가 무엇인지를 정말 잘 보여준 뮤지컬이라고 생각합니다. 도창의 소리가 위화감 없이 뮤지컬에 잘 녹아들었고 연출도 정말 훌륭합니다. 절제에서 나오는 우아함이 무엇인지 보여주는 것 같습니다."
225,4,zhen***예매자,2020.07.23,조회 19,"공감 0
공감하기",아랑가,초연 재연 그리고 삼연 정말 좋아하는 뮤지컬이라 계속 올라와주는게 감사하고 행복해요. 이 시기에 어렵게 올라왔는데 다음에 꼭 다시 만날 수 있기를.
226,3,zhen***예매자,2020.07.23,조회 18,"공감 0
공감하기",아랑 아랑,아랑의 노래가 계속 귀에 맴돌아요. 정동에 가고 극장이 넓어져서 도창 매력이 더 사는 것 같고 좋았습니다.
227,5,68sec***예매자,2020.07.23,조회 17,"공감 0
공감하기",넘버가 좋아요,넝버가 너무 좋아요
228,4,ajlks***예매자,2020.07.23,조회 16,"공감 0
공감하기",아랑가,"도창 정지혜배우님의 보고 반했어요^^
개로 송원근배우님도 인상에 남네요 잘 봤어요~"
229,5,rpdlqdkd***예매자,2020.07.23,조회 16,"공감 0
공감하기",친구랑 같이 봤는데 좋았어요 ㅎㅎ,"아랑~아랑~하는 소리가 계속 머리속을 맴도네요..
좋아욥!
정동극장이랑도 너무 잘 어울리구 조명도 좋아요~~ 곧 끝난다는게 넘 아쉽네요 ㅠ
친구데리고 가서 봤는데 친구도 잘봤다고 좋아하네요 ㅎㅎ 기분좋아요"
230,5,rpdlqdkd***예매자,2020.07.23,조회 15,"공감 0
공감하기",머리속에서 계속 맴도는 아랑가 ㅠ,"아랑~아랑~하는 소리가 계속 머리속을 맴도네요..
좋아욥!
정동극장이랑도 너무 잘 어울리구 조명도 좋아요~~ 곧 끝난다는게 넘 아쉽네요 ㅠ"
231,5,donon***예매자,2020.07.23,조회 15,"공감 0
공감하기",배우들의 성량이 최고,모든 배우들이 잘한다
232,5,donon***예매자,2020.07.23,조회 13,"공감 0
공감하기",극이 시작할때 나오는 말처럼 울지않을 수 없는 극,연출과 복장 음악등에서 전통미를 잘 살리면서도 현대에 맞게 재해석한 부분이 잘 되어있는 극
233,5,jwj0***예매자,2020.07.23,조회 20,"공감 2
공감하기",박민성 최고,"박민성 배우님 정말 너무 잘하세요.
잘 하시는거 알고 있지만 정말 진짜 너무 잘하시네요. 잘 봤습니다!"
234,5,vers***예매자,2020.07.23,조회 8,"공감 0
공감하기",너무 재미있어요,너무 재미있어요
235,5,jwj0***예매자,2020.07.23,조회 10,"공감 0
공감하기","연기 살살 해주세요,,","연기 살살 해주세요 .. 다들 너무 잘하니까 정말 숨 참고 압도 당해서 봤네요 ..
잘 봤습니다."
236,3,dyddnj***예매자,2020.07.23,조회 10,"공감 0
공감하기",소재가 별로...,굳이 개로설화를 극으로 올린 게 의아스럽네요.
237,5,pbs38***예매자,2020.07.23,조회 21,"공감 0
공감하기","제발 아랑가 한 번씩 봅시다
라이브 후기","오늘 자셋자막하고 왔습니다 박정원배우님 연기 천재십니다! 개로의 그 혼란스러움, 화남 진짜 연기 너무 잘하셔서 심정 그대로 느끼고 왔어요 ㅠㅠ 또 박민성 정연 배우님 케미가 대단합니다 우리 가요A 둘의 모습때문에 제가 두 번 봤어요 배우님들 연기도 연기지만 조명, 음악 맛집을 찾으신다면 정동극장으로 이번주 일요일까지 달려가십쇼 ㅎㅎㅎ"
238,5,janeah***예매자,2020.07.22,조회 31,"공감 4
공감하기",오늘 공연 좋았습니다.,"송원근 정연 박민성 한규정 배우님들, 지혜 도창님 공연 오늘 레전드였습니다. 코로나로 중단된 시기가 너무 아깝네요. 한 달이면 더 많믄 사람들이 보고 알리고 했을텐데요. 미장센과 음악이 아름다운 공연, 밀도 꽉찬 배우님들 열연에 오늘 전원기립박수를 보냈습니다."
239,3,gove***,2020.07.22,조회 24,"공감 0
공감하기",창극과 뮤지컬의 만남,"쓸데없는것을 배제한 많이 추상적인 무대배경으로 보기 시원했습니다.
배우들도 열정적으로 연기하고 무척 인상깊었습니다.
전체 배우별로 다 보고싶은데 마지막주에 보게되어 너무나 아쉬울 따름입니다. ㅠ-ㅠ"
240,5,cjsthf0***예매자,2020.05.25,조회 515,"공감 4
공감하기",베스트한국적인 미를 정말 잘 살린 뮤지컬,"스토리에 막 엄청난 반전이 있다거나 블록버스터 같은 뮤지컬은 아닌데, 쓸대없는 요소를 거의 제거하고 배우들의 노래와 연기만으로 공백 없이 무대를 꾸린 것 같습니다! 인물들의 의상이 거의 흰색이고 무대장치도 간결하지만 전혀 빈 것 같다는 생각이 안 들고, 여백의 미가 무엇인지를 정말 잘 보여준 뮤지컬이라고 생각합니다. 도창의 소리가 위화감 없이 뮤지컬에 잘 녹아들었고 연출도 정말 훌륭합니다. 절제에서 나오는 우아함이 무엇인지 보여주는 것 같습니다."
241,3,helloss***예매자,2020.07.22,조회 25,"공감 0
공감하기",좋은 작품,잘 봤습니다
242,5,ksr***예매자,2020.07.22,조회 21,"공감 0
공감하기",마지막이 다가오는게,"믿기지 않습니다.
코로나19 때문에 중단된 시간들이 너무 아쉬워요."
243,5,pla***예매자,2020.07.21,조회 33,"공감 0
공감하기",연출과 넘버가 훌륭한 뮤지컬입니다,"연출 넘버 다 너무 좋아요
정작 주인공이 빡치는데, 미리 마음의 준비하고 보세요"
244,5,gg***,2020.07.21,조회 40,"공감 0
공감하기",한땀한땀 정성들여 지은 공연이라는 생각이 들었습니다.,"공연을 올리는 사람들뿐만 아니라 지원하는 극장 어셔들 등 스태프들 전부가 공연을 위해 최선을 다하고 있다는 생각이 들었습니다. 문진표와 자리 띄워서 앉는 것도 인상깊었습니다. 취소될까봐 조마조마했지만 짧은 공연기간에도 불구하고 이 공연을 볼 수 있어서 정말 다행이었다는 생각이 듭니다.
몇달에 한번씩 서울로 올라와서 공연을 몇편씩 보고 내려가는 편인데 이번에 보았던 다른 공연들이 인물의 행동이나 배경, 가사나 대사에 대해서 왜 저런 것이 나오는지 의문이 들며 공연에 제대로 집중하기 힘든 면이 있었는데, 아랑가는 인물의 서사와 감정, 행동에 대해 그런 의문점 없이 편하게 볼 수 있어서 좋았습니다. 악역인 개로도 비록 속으로 욕은 좀 했지만 충분히 이해할 수 있었습니다.
공연 자체가 정말 집중력있고 감정이 꽉 차있었으며 완전한 공연이라는 생각이 들었습니다. 기존에 봤었던 배우들은 믿고 보는 배우들이라 역시 좋았고, 처음 보는 사한 역의 배우도 정말 좋았습니다. 도창 역의 정지혜 배우님이 제일 인상깊었습니다. 판소리는 뭐라고 이야기하는지가 잘 안들리는 편이라고 생각했는데 가사도 하나하나 잘 들리고, 극과 정말 잘 어울러져서 좋았습니다. 무대도 신비하고 아랑가 특유의 분위기를 잘 살려줘서 좋았습니다. 넘버도 뮤지컬에서 흔하게 쓰여지는 느낌이 아니라 전통적인 느낌이 들고 좋았습니다. 한동안 이 공연이 삶의 원동력이 될 거 같습니다. 아랑가를 올려주신 분들 모두에게 감사드립니다. (7/12 밤공 감상후 작성했습니다)"
245,5,m101***예매자,2020.07.21,조회 29,"공감 0
공감하기",아랑~,연출이 좋았던 것 같다. 조명으로 표현하는 것들이 너무 예술이었다.
246,5,m101***예매자,2020.07.21,조회 26,"공감 0
공감하기",아랑가,주선율이 너무 아름답다. 아랑의 인생을 옮겨 그린 듯한 느낌이다.
247,5,blxl***예매자,2020.07.20,조회 32,"공감 0
공감하기",다섯 배우들의 열연,"첫 장면부터 눈과 귀를 사로 잡는 극이었습니다.
110분 내내 온 몸의 긴장감이 가득 했네요..
특히 도창 하시는 분의 흡입력이 장난이 아니었어요ㅠㅠㅠㅠ
배우님들의 넘버 소화력과 연기력도 짱짱!!!"
248,5,judy200***예매자,2020.07.20,조회 23,"공감 0
공감하기",재밌습니다!!,"중독되는 넘버
보고나오는 순간부터 아랑~ 아랑~ 하고 다니게 돼요"
249,5,judy200***예매자,2020.07.20,조회 23,"공감 0
공감하기",판소리와 뮤지컬의 멋진 콜라보,음악적으로도 동서양이 잘 어우려졌던 뮤지컬 재밌었습니다
250,5,khi3***예매자,2020.07.20,조회 33,"공감 0
공감하기",송원근 개로,마음이 이해가 되는 극 무조건 나쁘다고 할 수 없음
251,5,skflskfl1***예매자,2020.07.20,조회 25,"공감 0
공감하기",재미있게 잘 관람했습니다,재밌어요~ 연장해줬으면 좋겠어요!
252,5,bogyung***예매자,2020.07.20,조회 24,"공감 0
공감하기",돌아와서 다행이에요,이전에 취소된 표때문에 많이 아쉬웠는데 이렇게 볼수있어 좋았습니다ㅠㅠ
253,5,bogyung***예매자,2020.07.20,조회 21,"공감 0
공감하기",도창 배우님 멋있어요!,판소리를 이렇게 뮤지컬에 활용한게 정말 멋있었어요
254,5,bogyung***예매자,2020.07.20,조회 18,"공감 0
공감하기",넘버맛집!,넘버와 조명이 정말 인상깊었어요ㅠㅠ재밌습니다
255,5,micky***예매자,2020.07.20,조회 14,"공감 0
공감하기",dsdsfsd,fsdfdsfsdfs
256,5,cjsthf0***예매자,2020.05.25,조회 515,"공감 4
공감하기",베스트한국적인 미를 정말 잘 살린 뮤지컬,"스토리에 막 엄청난 반전이 있다거나 블록버스터 같은 뮤지컬은 아닌데, 쓸대없는 요소를 거의 제거하고 배우들의 노래와 연기만으로 공백 없이 무대를 꾸린 것 같습니다! 인물들의 의상이 거의 흰색이고 무대장치도 간결하지만 전혀 빈 것 같다는 생각이 안 들고, 여백의 미가 무엇인지를 정말 잘 보여준 뮤지컬이라고 생각합니다. 도창의 소리가 위화감 없이 뮤지컬에 잘 녹아들었고 연출도 정말 훌륭합니다. 절제에서 나오는 우아함이 무엇인지 보여주는 것 같습니다."
257,5,k5359***예매자,2020.07.20,조회 13,"공감 0
공감하기",재밌어용,가슴따뜻한극임
258,5,cnz***예매자,2020.07.20,조회 15,"공감 0
공감하기",한국적인 뮤지컬,"한국적인 뮤지컬, 외국인들에게 꼭 소개해 주고픈 뮤지컬이다.
너무 아름다운 소리와 배우들의 열연 덕에 110분이 어떻게 흘러갔는지 모르게 시간이 가버렸다.
끝난 후 긴 여운과 깊은 감동, 다시 한 번 꼭 보고 싶은 뮤지컬이다."
259,5,revedeeto***예매자,2020.07.20,조회 10,"공감 0
공감하기",좋았습니다,아랑 아랑 아랑 아랑
260,4,a***예매자,2020.07.20,조회 10,"공감 0
공감하기",재밌었어요,재밌었어요
261,4,zoa38***예매자,2020.07.20,조회 9,"공감 0
공감하기",짧지만 강렬한 여운,"한달 넘게 쉬었다가 재개한 공연이 아쉬울 만큼
매 회차 배우들의 열연으로 잘 보고 있습니다.
오케스트라 아주 가끔 삑사리(?) 나는 건 라이브의 묘미로 :D"
262,3,zoa38***예매자,2020.07.20,조회 5,"공감 0
공감하기",백제 후크송,"아랑아랑아랑아랑
모두가 외치는 아랑아랑아랑아랑"
263,5,ththf***예매자,2020.07.20,조회 4,"공감 0
공감하기",누가 나의 옆에 있어주것나,"누가 나의 옆에 있어주것나
누가 나를 진심으로 사랑하것나"
264,5,miso***예매자,2020.07.20,조회 7,"공감 0
공감하기",인생은,한철 꽃 같은 것
265,5,miso***예매자,2020.07.20,조회 6,"공감 0
공감하기",사라져라!,고구려를 위해!
266,5,miso***예매자,2020.07.20,조회 6,"공감 0
공감하기",백제의 태양,백제의 태양을 잡아 서산 위로 뜨게하라
267,5,miso***예매자,2020.07.20,조회 6,"공감 0
공감하기",우리가요,봄에는 꽃놀이 가고 여름엔 계곡물에 발 담구고 가을엔 작대기로 밤 따고 겨울엔 그저 둘이서 안고있자
268,5,sooj***예매자,2020.07.20,조회 4,"공감 0
공감하기",지혜 배우님 도창 짱,한의 정서가 뭔지 알고 왔어요
269,5,kippem***예매자,2020.07.20,조회 6,"공감 0
공감하기",우리 가요~,"우리 가요 동트는 아침의 마을로~~
인혜 도창님 천재천재 충성을 맹세합니다,,"
270,5,shm4***예매자,2020.07.20,조회 5,"공감 0
공감하기",너무 재밌었습니다!,ㅠㅠㅠㅠㅠ
271,5,dudeu***예매자,2020.07.20,조회 6,"공감 0
공감하기",짱잼,낮공 보고 너무 좋아서 밤공 바로 예매해서 종일 봤네요!
272,5,cjsthf0***예매자,2020.05.25,조회 515,"공감 4
공감하기",베스트한국적인 미를 정말 잘 살린 뮤지컬,"스토리에 막 엄청난 반전이 있다거나 블록버스터 같은 뮤지컬은 아닌데, 쓸대없는 요소를 거의 제거하고 배우들의 노래와 연기만으로 공백 없이 무대를 꾸린 것 같습니다! 인물들의 의상이 거의 흰색이고 무대장치도 간결하지만 전혀 빈 것 같다는 생각이 안 들고, 여백의 미가 무엇인지를 정말 잘 보여준 뮤지컬이라고 생각합니다. 도창의 소리가 위화감 없이 뮤지컬에 잘 녹아들었고 연출도 정말 훌륭합니다. 절제에서 나오는 우아함이 무엇인지 보여주는 것 같습니다."
273,5,dudeu***예매자,2020.07.20,조회 7,"공감 0
공감하기",넘 좋아요!,송원근 개로 짱이다!!
274,5,twinwork***예매자,2020.07.20,조회 10,"공감 0
공감하기",도미설화를 모르는 사람들에게도 재미있는 공연,난 정말 도미설화고 뭐고 아는 게 없는 상대로 이 뮤지컬을 보러갔는데 기초적 사전 지식이 없는 상태로도 잘 이해할 수 있는 공연이었던 것 같다 송원근 배우의 개로는 정말 섹시한 쓰레기같고 정연아랑은 천사같다 도미랑 아랑이 사랑좀 할 수 있게 놔둬라 이놈들아
275,5,vus***예매자,2020.07.20,조회 6,"공감 0
공감하기",-,어렵게 올라온 공연 그만큼 좋아요
276,5,sej0***예매자,2020.07.20,조회 8,"공감 0
공감하기",아랑가,커튼콜이 짧지만 강한 인상의 공연
277,5,sej0***예매자,2020.07.20,조회 9,"공감 0
공감하기",아랑가,커튼콜이 짧지만 강한 인상의 공연
278,5,sej0***예매자,2020.07.20,조회 10,"공감 0
공감하기",기간이 짧아서 아쉽,더 길게 보고싶네요
279,5,ththf***예매자,2020.07.20,조회 9,"공감 0
공감하기",긴 여운이 남는 공연,"너무 좋았어요
아랑가만의 분위기가 정말 긴 여운을
남기게 하네요..
또 보고 싶어요"
280,5,sej0***예매자,2020.07.20,조회 9,"공감 0
공감하기","아랑아랑
라이브 후기",공연 기간이 짧아서 아쉬워요
281,5,noname1***예매자,2020.07.20,조회 8,"공감 0
공감하기",박인혜 도창 천재,천재만재이싲니다 이런 인재를 보게되어 너무 기뻐요
282,5,staro***예매자,2020.07.20,조회 8,"공감 0
공감하기",시야는 트였어요,무대랑 조명이 너무 예뻤어요.주인공은 도창이었던 극
283,4,fldh***예매자,2020.07.20,조회 16,"공감 2
공감하기",성도미 지숙아랑... 자꾸 생각나요...,둘이 그냥 사랑하게 해주세요ㅠ
284,5,hstw1***예매자,2020.07.20,조회 7,"공감 0
공감하기",여전히 너무 가슴아프고ㅠㅠ,"개로 정말....나쁜놈인데 또 너무 괴로워하니 마음이 아프고ㅠㅠ
마지막 대사 정말ㅠㅠㅠㅠㅠ
코로나때문에 많이 취소당했는데 연장해주세요ㅠㅠㅜㅠ
또 보고싶은데 낼모레가 막공이라니ㅜㅠㅜㅠㅜㅠㅜㅜ"
285,5,ksr***예매자,2020.07.20,조회 6,"공감 0
공감하기",이대로 끝나는 건가요?,"ost 나 dvd 안 내주시나요??
코로나로 중단된 후 겨우 몇 번 공연하는 것 만으론 아깝고 아쉽습니다."
286,5,ssuck***예매자,2020.07.20,조회 5,"공감 0
공감하기",너무좋았어요,역시나 너무 좋음
287,4,euv***예매자,2020.07.20,조회 7,"공감 0
공감하기",자꾸만 맴도는 멜로디,"이렇게 만날수 있어서 감사한 공연이였습니다
비록 짧게만나지만 꼭 기억할께요!
극장도 무대도 배우들도 넘 좋았네요"
288,5,cjsthf0***예매자,2020.05.25,조회 515,"공감 4
공감하기",베스트한국적인 미를 정말 잘 살린 뮤지컬,"스토리에 막 엄청난 반전이 있다거나 블록버스터 같은 뮤지컬은 아닌데, 쓸대없는 요소를 거의 제거하고 배우들의 노래와 연기만으로 공백 없이 무대를 꾸린 것 같습니다! 인물들의 의상이 거의 흰색이고 무대장치도 간결하지만 전혀 빈 것 같다는 생각이 안 들고, 여백의 미가 무엇인지를 정말 잘 보여준 뮤지컬이라고 생각합니다. 도창의 소리가 위화감 없이 뮤지컬에 잘 녹아들었고 연출도 정말 훌륭합니다. 절제에서 나오는 우아함이 무엇인지 보여주는 것 같습니다."
289,5,good1004***예매자,2020.07.20,조회 7,"공감 0
공감하기",개로...의 마음이 어땠을까 생각해보게 되네요..,"단순히 보면 개로왕은 나쁜 사람이었지만...
그가 살아온 인생...그의 마음을 들여다보면...
개로에게 연민이 생기기도 하는 그런 공연이었습니다"
290,5,ksr***예매자,2020.07.20,조회 6,"공감 0
공감하기",노래가 정말 좋아요.,배우들이 감정선을 잘 살려서 각 역할의 심정이 그대로 다 느껴집니다.
291,5,ksr***예매자,2020.07.20,조회 5,"공감 0
공감하기",배우들이 다 살려요 ㅠㅠ,"서사, 연기, 노래 꽉꽉 채워 관객에게 풀어주니 정말 만족스럽습니다."
292,5,xkc***예매자,2020.07.20,조회 5,"공감 0
공감하기",도창 너무 멋있어요,오슷내주세요
293,5,xkc***예매자,2020.07.20,조회 6,"공감 0
공감하기",오슷내주세요,"아랑~아랑~아랑~
계속 맴돌아요!!!!"
294,5,good1004g***예매자,2020.07.20,조회 5,"공감 0
공감하기",아랑 아랑,"아랑 아랑
아랑 아랑 아랑"
295,5,good1004g***예매자,2020.07.20,조회 4,"공감 0
공감하기",너무 좋았습니다.,"음악이 자꾸 맴돌아요
아랑 아랑 아랑 아랑"
296,5,jyj9***예매자,2020.07.20,조회 4,"공감 0
공감하기","아랑아랑아랑 백제 최고의 후크송
라이브 후기","백제 최고의 후크송 맛집답게 갈 수록 예매가 너무 힘들어요ㅠㅠ
취소가 5주나 됐는데 공연을 3주 하는데
ㅜㅜ 연장 오슷 딥디 주세요..."
297,3,anj***예매자,2020.07.20,조회 9,"공감 0
공감하기",음...,"자리가 넘 사이드라서
다음엔 중앙에서 보고싶어요"
298,5,8402j***예매자,2020.07.20,조회 4,"공감 0
공감하기",좋아요,그래도 개로는 나쁜놈
299,5,wpr***예매자,2020.07.20,조회 4,"공감 0
공감하기",도창이 엄청나게 쩔어줍니다,다른 극장 대관해서 앵콜 가즈아ㅠㅠㅠㅠㅠㅠ
300,5,wdt2***예매자,2020.07.20,조회 4,"공감 0
공감하기",아랑가,오랜만에 아랑가를 봤는데 연출이 더 좋아졌다. 무대가 비어있다고 생각이 되지만 허전한것은 아니었다. 충분한 연출이었던것같다. 이번에 코로나로 인해 못볼줄 알았는데 다행히 볼 수 있었다.
301,5,wpr***예매자,2020.07.20,조회 6,"공감 0
공감하기",극장 옮겨서 앵콜공연 하면 안되나요ㅠㅠ,"코로나때문에 공연중단됐던 회차들이 너무 아까워요ㅠㅠ
더 보고싶은데 그럴 수 없어서 너무 안타깝습니다ㅠㅠ"
302,5,revedeeto***예매자,2020.07.20,조회 4,"공감 0
공감하기",좋았습니다,얼마 못 보는 게 너무 아쉬워요.
303,5,juns***예매자,2020.07.20,조회 4,"공감 0
공감하기",잘 봤습니다,잘 봤습니다
304,5,cjsthf0***예매자,2020.05.25,조회 515,"공감 4
공감하기",베스트한국적인 미를 정말 잘 살린 뮤지컬,"스토리에 막 엄청난 반전이 있다거나 블록버스터 같은 뮤지컬은 아닌데, 쓸대없는 요소를 거의 제거하고 배우들의 노래와 연기만으로 공백 없이 무대를 꾸린 것 같습니다! 인물들의 의상이 거의 흰색이고 무대장치도 간결하지만 전혀 빈 것 같다는 생각이 안 들고, 여백의 미가 무엇인지를 정말 잘 보여준 뮤지컬이라고 생각합니다. 도창의 소리가 위화감 없이 뮤지컬에 잘 녹아들었고 연출도 정말 훌륭합니다. 절제에서 나오는 우아함이 무엇인지 보여주는 것 같습니다."
305,5,tjdls0***예매자,2020.07.20,조회 6,"공감 0
공감하기",취소됐던 회차들이 아쉬워요,늘 한 회 한 회 멋진 공연 보여주셔서 감사합니다
306,5,juns***예매자,2020.07.20,조회 7,"공감 0
공감하기",잘 봤습니다,잘 봤습니다
307,4,hase2***예매자,2020.07.20,조회 7,"공감 0
공감하기",아랑가,"송원근 개로왕 짠하지만 극안에서 용서가 안되는 왕..아랑 아랑 넘버는 여기서 저기서 예쁘게 따뜻하게 안타깝게 울리고, 도미랑 사한이랑 아랑은 죄가없는데.. 도창님 멋있어요! 고구려군의 만행을 그리 한을 실어 불러주시다니요,, 아랑가.. 재미?멋있습니다."
308,5,limeligh***예매자,2020.07.20,조회 6,"공감 0
공감하기",아랑가,넘버와 연출이 인상적이었던 뮤지컬
309,5,dodor***예매자,2020.07.20,조회 6,"공감 0
공감하기",아랑가ㅠㅠ,"넘 좋았어요 송원근 개로ㅠ 짠하고 아랑 너무 슬프네요
또 보고싶어요!!"
310,4,hase2***예매자,2020.07.20,조회 6,"공감 0
공감하기",아랑가,거듭된 취소 끝에 보게된 아랑가.. 정동극장이랑 잘 어울리네요 무대도 멋있고 분위기도 멋있고 창이랑 섞여서 특유의 분위기가 좋았습니다
311,5,sunnyg***예매자,2020.07.20,조회 6,"공감 0
공감하기",아랑가,이전 시즌에도 봤지만 다른 배우로 보니 또 다른 느낌이에요. 도창의 역할은 볼때마다 놀랍고요. 공연이 중단됐다가 재개되어서 더 못 본 것이 아쉽네요..
312,3,sanga9***예매자,2020.07.20,조회 8,"공감 0
공감하기",아랑 아랑 비극,아랑... 아랑... 아랑... 아랑...
313,5,zmsquf***예매자,2020.07.20,조회 10,"공감 0
공감하기","올해 관극 중에 탑..
라이브 후기",ㅠㅠㅜ운다 울어ㅜㅜ 무대 연출부터 음악까지 배우님들의 합.. 하나도 놓칠게 없는 공연
314,5,xml***예매자,2020.07.20,조회 7,"공감 0
공감하기",도창 진짜 멋있어요,애정배우님들 보러 갔다가 이렇게 멋진 공연 보게되어 행복했어요.
315,5,beaut***예매자,2020.07.20,조회 7,"공감 0
공감하기",잘 봤습니다,잘 봤습니다
316,5,since1***예매자,2020.07.20,조회 7,"공감 0
공감하기",한번쯤은 봐도..,몇번 봤는데 솔직히 다른 배우분들은 더블이니까 선호하는 쪽이 있을수밖에 없는데 도창은 두분 다 개멋있어요.. 아무나 봐도 됨... 도창.. 도창.. 아랑가의 존재의 이유...
317,5,hyena2***예매자,2020.07.20,조회 7,"공감 0
공감하기",한이 담겨 더욱 아프고 예뻤습니다,"음악이 정말 좋았어요. 중간중간 작창 하시는 배우분께서 집중을 확 하게 해주셨구요. 몰아치는 배우분들 연기력에도 눈을 뗄 수 없었습니다..

오에스티 내주세요!!"
318,5,since1***예매자,2020.07.20,조회 8,"공감 0
공감하기",재미없는데 재밌어,"개로 극혐
도창 개멋있고 배우들 잘함
내용은 별거없는 연출이랑 무대가 멋있음
노잼인데 눈물남
ㅜ"
319,5,ryue***예매자,2020.07.20,조회 7,"공감 0
공감하기",오슷 안 내주시나요?,"하루종일 아랑아랑 하고 싶어요 ㅠㅠㅠ
아랑가 오슷 내주세요 ㅠㅠㅠㅠㅠㅠ"
320,5,cjsthf0***예매자,2020.05.25,조회 515,"공감 4
공감하기",베스트한국적인 미를 정말 잘 살린 뮤지컬,"스토리에 막 엄청난 반전이 있다거나 블록버스터 같은 뮤지컬은 아닌데, 쓸대없는 요소를 거의 제거하고 배우들의 노래와 연기만으로 공백 없이 무대를 꾸린 것 같습니다! 인물들의 의상이 거의 흰색이고 무대장치도 간결하지만 전혀 빈 것 같다는 생각이 안 들고, 여백의 미가 무엇인지를 정말 잘 보여준 뮤지컬이라고 생각합니다. 도창의 소리가 위화감 없이 뮤지컬에 잘 녹아들었고 연출도 정말 훌륭합니다. 절제에서 나오는 우아함이 무엇인지 보여주는 것 같습니다."
321,5,dada1***예매자,2020.07.20,조회 7,"공감 1
공감하기",아랑가하이라이트성정연우리가요주세요,B로주세요
322,5,dada1***예매자,2020.07.20,조회 8,"공감 0
공감하기",아랑가OST주세요,ㅠㅠㅠㅠㅠㅠ
323,5,shix***예매자,2020.07.20,조회 6,"공감 0
공감하기",아랑가,재밌어요
324,5,potatoo1***예매자,2020.07.20,조회 6,"공감 0
공감하기",송원근 배우님,잘생겼어요
325,5,dada1***예매자,2020.07.20,조회 5,"공감 0
공감하기",아랑가디비디주세요,ㅠㅠㅠㅠㅠㅠ
326,5,ys2***예매자,2020.07.20,조회 6,"공감 0
공감하기",미장센이 너무 좋아요,잘봤어요~!
327,5,shix***예매자,2020.07.20,조회 5,"공감 0
공감하기",너는 왜 아랑인가,왜 하필 아랑인가~!!ㅔ
328,5,ys2***예매자,2020.07.20,조회 5,"공감 0
공감하기",이지숙 사랑해요,너무잘해요ㅠㅠㅠㅠㅠㅠㅠㅠㅠㅠㅠㅠ
329,5,shix***예매자,2020.07.20,조회 5,"공감 0
공감하기",아랑~ 아랑~ 아랑~,아랑~아랑~ 아랑~~~
330,5,kang8***예매자,2020.07.20,조회 5,"공감 0
공감하기","오늘 대레전...
라이브 후기","오늘 정말...레전....
배우 여섯분이 다 모두가 너무 좋았어서 ㅠㅜㅠ 계속 간직하고싶어요 오늘공연 ㅠㅠ"
331,5,hellohell***예매자,2020.07.20,조회 4,"공감 0
공감하기",넘버 정말 좋습니다,귀에서 계속 맴돌아요ㅜㅜ
332,5,kimchi***예매자,2020.07.20,조회 4,"공감 0
공감하기","재밌어요
라이브 후기","도창의 존재로 보통 뮤지컬에서는 못 느끼는
색다른 전율을 느꼈습니다!!
정지혜 도창님 진짜 좋았어요!
그리고 넘버 맛집이네요"
333,5,kang8***예매자,2020.07.20,조회 4,"공감 0
공감하기",도창님들 너무 좋은 ㅠㅠ,"인혜 도창 지혜 도창 두분 다 너무 좋아요 ㅜㅜㅜ
두 분 다 스타일이 달라서 회전도는 재미가 쏠쏠합니다!!"
334,5,kang8***예매자,2020.07.20,조회 4,"공감 0
공감하기",아랑가 연장...,연장하면 좋겠네요 ㅠㅠ 배우들 다 너무 잘하는데 곧 끝이라니...
335,5,younj***예매자,2020.07.19,조회 15,"공감 0
공감하기",한편의 창극을 본 기분입니다.,"무대위에 소품은 하나도 없고 배우들의 연기와 노래,조명으로 꽉 채워진 공연입니다. 도창이 등장해서 나레이션도 하고 극에 참여도 하고 관찰자도 되는데 박인혜님 진짜 찐으로 멋지셨어요. 판소리와 뮤지컬이 섞이니 이런 느낌이군요. 스토리는 왜 이렇게 애절한지...보는데 맘이 넘 아팠어요. 근래 본 작품중 가장 기억에 남는 작품이 될 것 같아요."
336,5,cjsthf0***예매자,2020.05.25,조회 515,"공감 4
공감하기",베스트한국적인 미를 정말 잘 살린 뮤지컬,"스토리에 막 엄청난 반전이 있다거나 블록버스터 같은 뮤지컬은 아닌데, 쓸대없는 요소를 거의 제거하고 배우들의 노래와 연기만으로 공백 없이 무대를 꾸린 것 같습니다! 인물들의 의상이 거의 흰색이고 무대장치도 간결하지만 전혀 빈 것 같다는 생각이 안 들고, 여백의 미가 무엇인지를 정말 잘 보여준 뮤지컬이라고 생각합니다. 도창의 소리가 위화감 없이 뮤지컬에 잘 녹아들었고 연출도 정말 훌륭합니다. 절제에서 나오는 우아함이 무엇인지 보여주는 것 같습니다."
337,5,rpdlqdkd***예매자,2020.07.19,조회 9,"공감 0
공감하기",너무뫃으네요 ㅠㅠㅠㅠㅠ,"넘 조아요 ㅠ_ㅠ)
판소리와 뮤지컬의 조화가 넘넘 조아욥.....
이제 얼마 안남은게 넘나 슬프네요 ㅠ 힁잉힁 ㅠㅠㅠㅠ"
338,5,kjri0***예매자,2020.07.19,조회 12,"공감 0
공감하기",너무 잘봤어요!!,"왜 연장 안하시나요ㅠ
일주일 남은거 믿을수가없어요ㅜ"
339,5,kjri0***예매자,2020.07.19,조회 9,"공감 0
공감하기",너무 좋았어요,지숙아랑 왜 이제서야 아랑하셨나요ㅠ
340,5,kjri0***예매자,2020.07.19,조회 9,"공감 0
공감하기",잘봤어요,런개로 못사 없어야합니다ㅜ
341,5,kjri0***예매자,2020.07.19,조회 9,"공감 0
공감하기",너무좋았어요,런개로 너무 잘생긴거 아닌가요!!
342,5,sy122***예매자,2020.07.19,조회 12,"공감 0
공감하기",진짜 최고,너무 재밌었어요. 세미막 예매했는데 오늘 보고 낮공까지 또 예매했어요 진짜 헤어나올 수가 없네요ㅠㅠ
343,4,gdsh***예매자,2020.07.19,조회 16,"공감 0
공감하기",아랑아랑~~,특별한 무대장치 없이 영상미로도 너무나 예쁜 공연이었습니다. 배우님들도 멋지고 정동극장도 멋지네요
344,5,yuna7***예매자,2020.07.19,조회 16,"공감 0
공감하기",너무 잘 만든 뮤지컬,하 너무 재밌어...ㅜㅜㅜ
345,5,Joelle***예매자,2020.07.19,조회 19,"공감 1
공감하기",갓극이란 이런것이다....,세상에 이걸 왜 이제 봤냐고요..ㅠㅠ
346,4,pjhe***예매자,2020.07.19,조회 19,"공감 0
공감하기",여운이 남는 극이었습니다.,"아랑가를 말로만 들었는데 실제로 들으니 더 좋더라구요.
넘버와 연주가 가장 인상적이었습니다.
화음이 묘하게 어긋나는 피아노 연주와 도창의 소름돋는 가창이 위협적인 분위기를 만들어내는데 더욱 몰입하게 되었습니다.
배우들의 연기, 특히 이지숙 배우의 아랑이 게속 생각나네요."
347,5,00fut***예매자,2020.07.19,조회 16,"공감 0
공감하기",멋진무대멋진배우님들,두시간숨도못쉬고봤어요 멋져요
348,5,kimseojin6***예매자,2020.07.19,조회 13,"공감 0
공감하기",아랑~아랑~,한국적인 정서가 잘 묻어난 극. 도창의 역할이 상당히 크며 귀호강이 뭔지 제대로 느낄 수 있다. 백제 개로왕 이야기~ 아랑~
349,5,lemo***예매자,2020.07.19,조회 18,"공감 0
공감하기",다시 공연되어 넘 좋아요~,"초반에 관극하고 계속 취소되는 바람에 이제야 다시 보게 되었는데
배우분들의 연기에 할 말을 잃었어요ㅠ 눈빛부터 모든게 다 역할에
녹아들어 몰입도도 높고, 쩌렁쩌렁한 성량으로 넘버를 소화하시며
무대를 가득 채워주셨습니다~"
350,5,68sec***예매자,2020.07.18,조회 21,"공감 0
공감하기",잘 봤어요,넘버가 좋네요
351,4,68sec***예매자,2020.07.18,조회 21,"공감 0
공감하기",색다른 공연,사극에 도창이 나오는 새로운 뮤지컬
352,5,cjsthf0***예매자,2020.05.25,조회 515,"공감 4
공감하기",베스트한국적인 미를 정말 잘 살린 뮤지컬,"스토리에 막 엄청난 반전이 있다거나 블록버스터 같은 뮤지컬은 아닌데, 쓸대없는 요소를 거의 제거하고 배우들의 노래와 연기만으로 공백 없이 무대를 꾸린 것 같습니다! 인물들의 의상이 거의 흰색이고 무대장치도 간결하지만 전혀 빈 것 같다는 생각이 안 들고, 여백의 미가 무엇인지를 정말 잘 보여준 뮤지컬이라고 생각합니다. 도창의 소리가 위화감 없이 뮤지컬에 잘 녹아들었고 연출도 정말 훌륭합니다. 절제에서 나오는 우아함이 무엇인지 보여주는 것 같습니다."
353,5,jhi4***예매자,2020.07.18,조회 22,"공감 1
공감하기",송원근 개로????????????????????????????????????,"저주받은 태자, 그 굴레를 벗어 던지고자
아랑에게 더 집착하는 개로, 스스로 파멸로 이끈
자신을 보며 회한하는 모습까지 개로에 몰입하게 되네요
좋은 공연 감사합니다."
354,4,mjseon***예매자,2020.07.18,조회 19,"공감 1
공감하기","박민성 이지숙
라이브 후기",박민성 이지숙배우님을 알고 갑니다.
355,5,urrea***예매자,2020.07.18,조회 24,"공감 0
공감하기",아랑은 무엇이냐,아스라져 아스라져 사라질줄 알았는데 다시 무대로 돌아와서 너무나 기뻐요. 가지마요 아랑가.
356,5,tgwae***예매자,2020.07.18,조회 23,"공감 0
공감하기",아랑가,"아랑 도미 그리고 개로. 도창의 목소리로 풀어내는 서사.
굉장히 즐거운 관람이었습니다"
357,5,yumin***예매자,2020.07.18,조회 30,"공감 0
공감하기","모든 것이 조화롭고 아름다웠던 무대
라이브 후기","지난 시즌들과 달리 무대석으로 나와 객석의 선을 초월한 무대와 이를 가득채우는 배우분들의 에너지, 그리고 아름다웠던 무대 디자인과 이를 채우는 조명과 영상, 마지막으로 가슴 아려왔던 음악까지. 정말 좋은 공연이었습니다. 연장되면 정말 좋으련만 ㅠㅠㅠㅠ 아니면 바로 돌아와주세요! 정말정말로요 ㅠㅠ"
358,5,nao***예매자,2020.07.18,조회 21,"공감 0
공감하기","좋아요
라이브 후기",좋아요
359,5,aman***예매자,2020.07.17,조회 25,"공감 0
공감하기",아름다웠어요,"무대와 의상이 너무 아름다웠어요
판소리 곡들이 최고였어요"
360,5,micky***예매자,2020.07.17,조회 29,"공감 0
공감하기",fdgdfgdfgd,dfgdfgdgdfgdfgd
361,5,cb***예매자,2020.07.17,조회 23,"공감 0
공감하기",뮤지컬 〈아랑가〉,뮤지컬 〈아랑가〉
362,5,nymph***예매자,2020.07.17,조회 24,"공감 0
공감하기",너무 마음아픈...,"각자의 상황 속에서 선택할 수밖에 없는 길이 마음아팠어요
스페셜커튼콜까지 있어서 좋았습니다"
363,5,musichol***예매자,2020.07.17,조회 25,"공감 0
공감하기",아랑가,추천해요
364,5,yuail***예매자,2020.07.16,조회 29,"공감 0
공감하기",기다린 재공소식,중단되었을때 넘 슬펐는데 이렇게 다시 볼 수 있어 너무 행복했어요♡
365,5,yuail***예매자,2020.07.16,조회 25,"공감 0
공감하기",손꼽아 기다린 재공연,코로나가 너무 원망스러울 정도로 좋았던 공연♡
366,3,helloss***예매자,2020.07.16,조회 34,"공감 0
공감하기",좋은작품,잘봤습니다
367,5,rpdlqdkd***예매자,2020.07.16,조회 31,"공감 0
공감하기",판소리 넘버 너무 좋아요 ㅠ,"판소리 넘버들이 너무 좋고
조명연출이나 북소리같은게 너무 좋아요
취향저격입니다 ㅠㅠㅠㅠ
전통적인 창극같은거 좋아하는데 전통하고 현대적인 노래를 잘 섞어놔서 짱짱이에요~~!"
368,5,cjsthf0***예매자,2020.05.25,조회 515,"공감 4
공감하기",베스트한국적인 미를 정말 잘 살린 뮤지컬,"스토리에 막 엄청난 반전이 있다거나 블록버스터 같은 뮤지컬은 아닌데, 쓸대없는 요소를 거의 제거하고 배우들의 노래와 연기만으로 공백 없이 무대를 꾸린 것 같습니다! 인물들의 의상이 거의 흰색이고 무대장치도 간결하지만 전혀 빈 것 같다는 생각이 안 들고, 여백의 미가 무엇인지를 정말 잘 보여준 뮤지컬이라고 생각합니다. 도창의 소리가 위화감 없이 뮤지컬에 잘 녹아들었고 연출도 정말 훌륭합니다. 절제에서 나오는 우아함이 무엇인지 보여주는 것 같습니다."
369,5,yuna7***예매자,2020.07.16,조회 19,"공감 0
공감하기",최고ㅜㅜ,도창ㅜㅜㅜ 어쩜 그리 잘하세요ㅜㅜㅜ
370,5,cm***예매자,2020.07.16,조회 23,"공감 0
공감하기",배우님들의 연기에 반하고 갑니다.,"굉장히 정적인 작품이고 무대 또한 작지 않은데
배우님의 연기와 아우라고 무대를 꽉 채우는 느낌입니다."
371,5,cm***예매자,2020.07.16,조회 15,"공감 0
공감하기",무대와 연기가 너무 아름다웠어요,"조명과 무대 너무 이뻤습니다.
거기에 정점을 찍는 배우님들의 연기 정말 감동이었어요."
372,4,parkjieunko***예매자,2020.07.16,조회 14,"공감 0
공감하기",추천합니다,배우들 연기와 노래가 정말 좋아요
373,5,jwj0***예매자,2020.07.16,조회 24,"공감 1
공감하기",화는 나는데 눈물도 나더라구요,"보는 내내 스토리랑 개로와 도림의 인물 성격 때문에 화가 나면서도
도미랑 아랑 나올때 마다 눈물나서 참 ,, ㅠㅠ
잘 봤어요 또 보고싶어서 예매했습니다."
374,4,parkjieunko***예매자,2020.07.16,조회 13,"공감 0
공감하기",재미있어요,조명이 예뻐서 뒷자리도 보기 좋을 것 같아요
375,5,kjri0***예매자,2020.07.15,조회 22,"공감 0
공감하기",너무 좋았어요,인혜도창님 사랑해요!!
376,5,judy200***예매자,2020.07.15,조회 15,"공감 0
공감하기",연출이 돋보이는 극,"물론 연출뿐만 아니라 이렇게 무대, 조명, 영상 배우분들까지 다 좋은 극은 오랜만이에요 잘봤습니다!"
377,5,khikhi1***예매자,2020.07.15,조회 18,"공감 0
공감하기","재밌습니다
라이브 후기","넘버, 무대, 배우님들 연기 다 진짜 좋습니다."
378,5,7dq2j***예매자,2020.07.15,조회 20,"공감 0
공감하기",뮤지컬 〈아랑가〉,뮤지컬 〈아랑가〉
379,5,stella01***예매자,2020.07.15,조회 19,"공감 0
공감하기",백제 후크송,"드디어 그 유명한 백재 후크송 아랑가를 듣고 왔네요
귀에서 자꾸 맴도는 아랑가 또 듣고 싶네요 ㅎㅎ
중간 중간 이야기를 판소리로 진행해서 확실히 다른 공연들과는 색다른 느낌이 있는게 너무 좋았어요"
380,5,hjpark9***예매자,2020.07.15,조회 34,"공감 0
공감하기",지숙아랑.... 최고....,지숙아랑은 백제 국보고 하늘에서 나들이 나온 선녀입니다
381,4,mira***예매자,2020.07.15,조회 32,"공감 2
공감하기",넘버 좋고 연기좋고 감탄했습니다,"내용은...시놉시스에서 보고 가서 크게 기대 안했습미당
아무것도 모르고 가서 첨엔 좀 당황햇는데요 (도창 나레이션) 연출이 좋더라구요
다만 제가 앞자리여서 연출되는 모습을 제대로 못본것 같아 안타까웠습니다 다음은 뒤니까 전체적으로 잘 보일것 같아요!!
박민성배우 말해뭐해.... 연기좋고 발성좋고 노래좋고...
이지숙배우님 ㅠㅜ 감탄했숩니다 ㅜㅜㅜㅜ 어쩜... 저 잘 안우는데 이지숙배우님 얼굴 볼때마다 눈물이 났어요 ㅜㅜ 어쩜 그리 요정같은지 ㅠㅜ 연기도 너무 좋고 노래도 좋고... 목소리도 넘 이쁘고.... 귀여운 목소리에서 낮은 목소리 낼때 깜놀했어요 ㅋㅋㅋ 되게 다른 매력!!!!!
그리거 개로..... 박정원배우님;;;; 아니 악역인데.... 자꾸 이해가 됩ㄴ다.. ㅜㅋㅋㅋㅋㅋㅋㅋ눈물연기 어쩜좋아여 ㅠㅜ 글고 도창 박인혜 배우님 .... 와우... 박수박수박수 중간중간 너무 무서워서 소름 돋았쟈나요ㅠㅠㅠㅠ"
382,4,tgwae***예매자,2020.07.15,조회 19,"공감 0
공감하기",아랑가,즐거운 관람이었습니다
383,5,4mj***예매자,2020.07.14,조회 29,"공감 0
공감하기","한국의 소리를 들을 수 있던 기회
라이브 후기","진짜 창과 소리가 이런 거구나 라는 것을 느낄 수 있었습니다.
도미설화 속 개로왕이 안타깝게 표현된 것도 매우 색달랐습니다.
도창 너뮤 멋있어요ㅠㅠㅠㅠㅠㅠㅠ"
384,5,cjsthf0***예매자,2020.05.25,조회 515,"공감 4
공감하기",베스트한국적인 미를 정말 잘 살린 뮤지컬,"스토리에 막 엄청난 반전이 있다거나 블록버스터 같은 뮤지컬은 아닌데, 쓸대없는 요소를 거의 제거하고 배우들의 노래와 연기만으로 공백 없이 무대를 꾸린 것 같습니다! 인물들의 의상이 거의 흰색이고 무대장치도 간결하지만 전혀 빈 것 같다는 생각이 안 들고, 여백의 미가 무엇인지를 정말 잘 보여준 뮤지컬이라고 생각합니다. 도창의 소리가 위화감 없이 뮤지컬에 잘 녹아들었고 연출도 정말 훌륭합니다. 절제에서 나오는 우아함이 무엇인지 보여주는 것 같습니다."
385,5,dbtls9***예매자,2020.07.14,조회 23,"공감 0
공감하기","판소리의 현대화
라이브 후기","판소리와 뮤지컬의 만남이라니?
처음엔 부담스러웠지만 이게 왠걸?!
진짜 너무 좋았어요.
도창이 전지적 작가시점으로 설명해주기도 인물이 되기도 극 진행에 도움이 되거든요.
도창이 하드캐리하는 작품이에요.
후회 안하실 거에요!
꼭꼭 보세요!!!"
386,3,nis2n***예매자,2020.07.14,조회 48,"공감 0
공감하기",왜 2020년에 이런 이야기가,"공연되는지 모르겠어요. 다른 자의 삶을 짓밟은 사람이 삶의 무위를 노래하는 걸 보면서 무슨 감동을 느낄 수 있나요? 아랑의 삶은 권위자 남성인 개로에 의해 침범당하고, 남편인 도미를 지키기 위해 희생당하며, 도림은 아랑을 사람 취급도 하지 않네요. 아무리 아랑가가 부조리한 비극에 대한 극이라 해도 주인공인 개로가 이것은 우연 아닌 운명이다 타령하며 무의식에서 그리워하던 아랑을 착취하는 것을 재현하는 것에 무슨 의미가 있나요? 배우들의 연기로 그 이기적인 감정이 안쓰럽고 세상에 휘둘리는 식으로 그려지는 것도 몹시 불쾌했습니다. 아랑과 도창 배우가 너무 잘해서 잠깐잠깐 감탄스럽기는 했지만, 생각할수록 제 안에서 뭔가 깎여나가는 걸 느끼는 관극이었네요."
387,5,jse7***예매자,2020.07.14,조회 24,"공감 0
공감하기",아랑가,정말 재밌게 잘 봤습니다!!!
388,5,ben8***예매자,2020.07.14,조회 31,"공감 0
공감하기",아니 근데 양도림이,너무 잘하네요
389,5,ben8***예매자,2020.07.14,조회 20,"공감 0
공감하기",양승리 배우님 너무 잘하시는 것 같아요,정말 최고였네요. 온 몸에 소름이 돋았어요.
390,5,ben8***예매자,2020.07.14,조회 17,"공감 0
공감하기",정말 좋은 극이었습니다,넘버가 너무 좋네요...
391,5,jiji0***예매자,2020.07.13,조회 30,"공감 0
공감하기",세계로 나갔으면 하는 뮤지컬,"재연 이후 삼연을 보았는데, 기존의 서사와 넘버들을 보강한 점이 눈에 띠었음.
<아랑가>가 세계로 나갈 수 있는 공연이 되길 진심으로 바란다."
392,5,kang8***예매자,2020.07.13,조회 31,"공감 0
공감하기",이제 중단 안되었으면 ㅠㅠ,아랑가 화이팅이에요!
393,4,haejim***예매자,2020.07.13,조회 26,"공감 0
공감하기",넘버들이 아주 좋았습니다,자리는 살짝 사이드라 목이 아팠지만 넘버들이 다 정말 좋았어요. 아랑 아랑이 계속 귀에 맴돕니다.
394,3,parkjieunko***예매자,2020.07.13,조회 30,"공감 0
공감하기",아랑가,무대 예뻐요
395,4,wpsl1***예매자,2020.07.13,조회 33,"공감 0
공감하기",시나리오는 아쉽지만 예술로 승화,"일단 각본 자체는 흔히 볼 수 있는 사극의 치정이지만
그걸 풀어내는 예술적 요소들이 눈과 귀를 행복하게 해줌"
396,5,revedeeto***예매자,2020.07.13,조회 18,"공감 0
공감하기",최고,공연이 다시 올라와서 정말 기쁘고 개로... 최고네요
397,4,hyperj***예매자,2020.07.13,조회 21,"공감 0
공감하기",우리가요,강 건너고 산 넘으면 우리 가요 노루의 울음소리 따스하게 들려오는 그 곳에 우리 둘이
398,5,micky***예매자,2020.07.13,조회 15,"공감 0
공감하기",fdgfdg,dgdgdfg
399,5,musichol***예매자,2020.07.13,조회 20,"공감 0
공감하기",아랑가,추천해요
400,5,cjsthf0***예매자,2020.05.25,조회 515,"공감 4
공감하기",베스트한국적인 미를 정말 잘 살린 뮤지컬,"스토리에 막 엄청난 반전이 있다거나 블록버스터 같은 뮤지컬은 아닌데, 쓸대없는 요소를 거의 제거하고 배우들의 노래와 연기만으로 공백 없이 무대를 꾸린 것 같습니다! 인물들의 의상이 거의 흰색이고 무대장치도 간결하지만 전혀 빈 것 같다는 생각이 안 들고, 여백의 미가 무엇인지를 정말 잘 보여준 뮤지컬이라고 생각합니다. 도창의 소리가 위화감 없이 뮤지컬에 잘 녹아들었고 연출도 정말 훌륭합니다. 절제에서 나오는 우아함이 무엇인지 보여주는 것 같습니다."
401,4,joar1***예매자,2020.07.13,조회 18,"공감 0
공감하기",아랑~아랑~,공연 끝나면 귀에서 멤도는 아랑~아랑~아랑~아랑 너무 좋았어요. 공연 중단해서 못 보다가 다시 올라와 보게 되었습니다. 한국적인 뮤지컬 좋았어요!! 무대도 예쁘고 한복도 예쁩니다.
402,4,a***예매자,2020.07.13,조회 12,"공감 0
공감하기",재밌었어요,재밌었어요
403,4,a***예매자,2020.07.13,조회 9,"공감 0
공감하기",재밌었어요,재밌었어요
404,3,zoa38***예매자,2020.07.13,조회 14,"공감 0
공감하기",영상과 조명 창과 목소리의 조화,아름다운 그림 속 그렇지 못한 욕정에 눈 먼 왕의 이야기
405,3,zoa38***예매자,2020.07.13,조회 12,"공감 0
공감하기",백제시대 후크송,아랑아랑아랑아랑 모두가 부르는 아랑아랑아랑아랑
406,5,miso***예매자,2020.07.13,조회 9,"공감 0
공감하기",도창 선생님들 최고!,국경 옆 한 마을에 이팔청춘 처녀총각 가시버시 약속하며 혼례상 차리던 날 ~!
407,5,miso***예매자,2020.07.13,조회 6,"공감 0
공감하기",아랑 아랑,매일 그대의 옆에서 잠을 깨 낮엔 같이 밭을 갈고 밤엔 개구리 소리와 함께 잠드는 하루
408,5,miso***예매자,2020.07.13,조회 7,"공감 0
공감하기",잊지말라,고마움 잊지말라 잊지말라
409,5,miso***예매자,2020.07.13,조회 8,"공감 0
공감하기",최고,재개막 후 오랜만에 본건데도 마치 계속 공연 하고 있던 것처럼 완벽했습니다ㅠㅠ 마지막까지 화이팅하세요!
410,5,miso***예매자,2020.07.13,조회 6,"공감 0
공감하기",색다른 공연,창과 뮤지컬이 합쳐진 공연은 처음 접해봤는데 도창 선생님 매력에 헤어나오질 못하겠어요ㅠㅠ
411,2,whalswl***예매자,2020.07.13,조회 13,"공감 0
공감하기",아쉽네요,"재연과 많이 연출이 많이 바뀐건 들었지만
제가 좋아하던 연출은 다 사라지고 좋아하던 넘버들도 다 변해서 많이 아쉽네요
개인적으로 재연 자첫했을때 도림의 역할이 나름 반전이라 흥미로왔는데
삼연에서는 초반부터 너무 몰아가고 결말도 바뀐거보다 재연이 좀더 슬프고 아련하게 남는거 같아요
캐릭터들 분량을 골고루 분배할려고 한거 같은데 도림의 분량만 확 늘고 사한이 분량은 줄어든것도 아쉽구요
정말 좋아했던 극이였는데 삼연은 그냥 많이 아쉽네요
힘든 시국에 힘들게 공연해주시는건 감사합니다 항상 응원할게요"
412,5,julian***예매자,2020.07.13,조회 11,"공감 0
공감하기","중독성 있는 넘버, 배우들의 열연","중독성 있는 넘버, 배우들의 열연. 실커튼이 주는 느낌까지 완벽한 공연."
413,4,hyg0***예매자,2020.07.13,조회 9,"공감 0
공감하기",아랑~ 아랑~ 아랑~,아랑가가 자꾸 맴도네요ㅎㅎ 중간에 살짝 지루했는데 사극뮤는 처음이라 신선했습니다. 한번쯤은 볼만한 뮤지컬!재개막해서 드디어 봤네요
414,4,wlsrhkwl***예매자,2020.07.13,조회 10,"공감 0
공감하기",아랑은 아직이냐,"아직이다 이놈아!
개로 너무 눈멀고 귀멀고ㅠㅠㅠㅠㅠㅠㅠㅠㅠㅠㅠㅠㅠ
도림 너무 얄미워요오오오오"
415,5,shix***예매자,2020.07.13,조회 10,"공감 0
공감하기",아랑 ~ 아랑 ~,아랑~ 아랑~
416,5,cjsthf0***예매자,2020.05.25,조회 515,"공감 4
공감하기",베스트한국적인 미를 정말 잘 살린 뮤지컬,"스토리에 막 엄청난 반전이 있다거나 블록버스터 같은 뮤지컬은 아닌데, 쓸대없는 요소를 거의 제거하고 배우들의 노래와 연기만으로 공백 없이 무대를 꾸린 것 같습니다! 인물들의 의상이 거의 흰색이고 무대장치도 간결하지만 전혀 빈 것 같다는 생각이 안 들고, 여백의 미가 무엇인지를 정말 잘 보여준 뮤지컬이라고 생각합니다. 도창의 소리가 위화감 없이 뮤지컬에 잘 녹아들었고 연출도 정말 훌륭합니다. 절제에서 나오는 우아함이 무엇인지 보여주는 것 같습니다."
417,5,bor***예매자,2020.07.13,조회 12,"공감 0
공감하기",죽여라~ 죽여,딴것도 아닌 이 말에 계속 남는다
418,5,pushek***예매자,2020.07.13,조회 9,"공감 0
공감하기",아랑아랑아랑,"멜로디가 떠나질 않음
송원근 개로 너무 좋아요"
419,5,guswl8***예매자,2020.07.13,조회 10,"공감 0
공감하기",재미있어요,추천합니다!!!!!
420,5,kaira***예매자,2020.07.13,조회 9,"공감 0
공감하기",아랑가,다시 공연을 볼수 있음에 행복합니다
421,5,rudsk***예매자,2020.07.13,조회 16,"공감 0
공감하기","폐하, 꿈에서 깨어나실 시간입니다",이제야 본 게 너무너무 아쉬울정도로 좋은 공연이었어요ㅠㅠㅠ 각각의 인물들을 연기하는 배우님들이 정말 잘 해주셨고 특히 도창님ㅠㅠㅠ 이 극의 전반을 이끌어가는 역할인데 뮤지컬과 창의 조합이 새로우면서 너무 좋았어요!! 그럼 저는 다음 표를 잡으러 가보겠습니다...ㅎㅎ
422,5,wpr***예매자,2020.07.13,조회 16,"공감 0
공감하기",극장 단차가 정말 환상적이네요,커튼콜데이에 혹해 뒷열이어도 간 건데 너무 잘 봤습니다.
423,4,3811j***예매자,2020.07.13,조회 10,"공감 0
공감하기",정말 새로운 시도,무대도 예뻐요
424,4,kwi***예매자,2020.07.13,조회 10,"공감 0
공감하기","보면 볼수록 빠져드는 매력이 있는 공연
라이브 후기",보면 볼수록 빠져드는 매력이 있는 공연
425,5,annie1***예매자,2020.07.13,조회 8,"공감 0
공감하기",코로나만 아니었으면 ㅠㅠㅠ,총첫공으로 처음 보고 잘맞아서 표를 여러장 잡아뒀었는데 다 취소돼서 못보다가 드디어 두번째로 보고왔습니다ㅠㅠ 조금만 더 해주면 좋겠어요...흑흑
426,4,kwi***예매자,2020.07.13,조회 7,"공감 0
공감하기",다시 만난 아랑가,더욱 깊어진 공연으로 컴백해줘서 고맙습니다
427,4,jyj9***예매자,2020.07.13,조회 8,"공감 0
공감하기",재개해서 너무 다행이예여,"ㅋㄹㄴ 때문에 5주나 중단이었는데
지금이라도 재개해서 다행이예요.
겨우 볼 수 있음에 감사하며 봤어요!!
빈 무대지만 배우님들의 연기와 음악으로 꽉 찬 무대였어요!!!"
428,5,saja5***예매자,2020.07.13,조회 6,"공감 0
공감하기","^
라이브 후기","못돌아올까봐 걱정했는데
못사탈출해서다행~~
공연너무좋아요"
429,5,saja5***예매자,2020.07.13,조회 5,"공감 0
공감하기","^^
라이브 후기","처음보는데
아랑 아랑
맴돌아요"
430,5,saja5***예매자,2020.07.13,조회 5,"공감 0
공감하기","좋아요~
라이브 후기","집중해서 너무잘봤어요
강력추천
합니다"
431,5,saja5***예매자,2020.07.13,조회 4,"공감 0
공감하기","좋아요~
라이브 후기","무대도이쁘고
배우분들 연기도 완벽한"
432,5,cjsthf0***예매자,2020.05.25,조회 515,"공감 4
공감하기",베스트한국적인 미를 정말 잘 살린 뮤지컬,"스토리에 막 엄청난 반전이 있다거나 블록버스터 같은 뮤지컬은 아닌데, 쓸대없는 요소를 거의 제거하고 배우들의 노래와 연기만으로 공백 없이 무대를 꾸린 것 같습니다! 인물들의 의상이 거의 흰색이고 무대장치도 간결하지만 전혀 빈 것 같다는 생각이 안 들고, 여백의 미가 무엇인지를 정말 잘 보여준 뮤지컬이라고 생각합니다. 도창의 소리가 위화감 없이 뮤지컬에 잘 녹아들었고 연출도 정말 훌륭합니다. 절제에서 나오는 우아함이 무엇인지 보여주는 것 같습니다."
433,5,ththf***예매자,2020.07.13,조회 7,"공감 0
공감하기",누가 나의 옆에 있어주것나,"누가 나의 옆에 있어주것나
누가 진심으로 나를 사랑하것나
나를 받아준 꿈 속의 여인"
434,5,bisbis***예매자,2020.07.13,조회 11,"공감 2
공감하기",백제의 태양을 잡아 저 서산 위로 뜨게 하라~~,박민성 도미장군 또 보고 싶다ㅠㅠㅠㅠㅠ
435,5,dada1***예매자,2020.07.13,조회 13,"공감 2
공감하기",성정연우리가요주세요,우리가요A랑 B랑 다 주세요 찍은거봤어요
436,5,dada1***예매자,2020.07.13,조회 11,"공감 2
공감하기",백제의태양뮤비주세요,성도미백제의태양뮤비든실황이든뭐든주세요
437,5,bisbis***예매자,2020.07.13,조회 8,"공감 0
공감하기",아랑 아랑 아랑 아랑~,과연 백제 최고의 후크송! 계속 맴돌아요! 아랑가 다시 돌아와서 너무 기쁩니다!
438,5,eunsol1***예매자,2020.07.13,조회 8,"공감 0
공감하기","너무너무 좋았습니다 오늘공연.
라이브 후기","사랑해요 송원근!

오늘 모든 배우분들 덕분에
행복한 두시간 보냈습니다 감사합니다 :)"
439,5,ryn***예매자,2020.07.13,조회 8,"공감 0
공감하기",배우님들도 극도 너뮤 재미있고 좋았습니다!,"코로나 때문에 못볼 뻔한 아랑가를 다시 봐서 너무 좋았습니다.
처음보는데, 도창이 자연스럽게 이끌어가는 이야기 흐름!!
짧은극이지만 서사를 이해하기 쉽게 풀어주어 처음보는데도 이해하기 쉬웠습니다.
개로가 미쳐가는 과정의 연출과 아랑과 도미의 짧은 애정듬뿍 담긴 씬까지 공연이 끝나도 계속 머리속에 맴돌고 아랑가가 귓가에 들리네요..
이제 2주밖에 안남아 아쉽지만 남은 기간에 또 보러가겠습니다 ^^
어려운 상황에 극올려 주셔서 감사합니다 !"
440,5,codnjs***예매자,2020.07.13,조회 7,"공감 0
공감하기",아랑가,"개로가 안타까운 느낌이 들기도 했어요
그리고 전체적으로 무대가 정말 예뻐요"
441,5,psb***예매자,2020.07.13,조회 5,"공감 0
공감하기",슬퍼요..,"아랑과 도미의 이야기도 슬프지만..
어릴때부터 저주를 듣고 자란 개로의 모습이 너무 속상하고 슬펐습니다
송원근배우님 눈빛연기 진짜 좋았어요!!!"
442,5,yen***예매자,2020.07.13,조회 5,"공감 0
공감하기",드디어 봤네요.,계속 취소되다가 드디어 봤네요. 생각보다 잘봤고.. 곧 보내줘야 한다는게 아쉽습니다.
443,5,elma***예매자,2020.07.13,조회 6,"공감 0
공감하기",예쁜 무대,"독특한 극이다. 도창이 있어서 판소리 하듯 내용 전개를 돕는다.
무대가 아주 예쁘다. 의상도 예쁘다.
서사는 약하다. 아랑가 전설 자체가 현대적 시선에서 보면 어처구니 없으니까.
그래도 한 번쯤 볼만한 극이다."
444,5,tpdus0***예매자,2020.07.13,조회 5,"공감 0
공감하기",한국적인 뮤지컬,창소리로 극을 전개하는 도창이라는 캐릭터가 가장 인상깊었습니다!! 이렇게 한국적인 멋을 잘 보여주는 극이라니ㅠㅠㅠ최고ㅠㅠㅠ
445,5,cco***예매자,2020.07.13,조회 5,"공감 0
공감하기","좋아요
라이브 후기","초재연에 이어서 삼연까지 무사히 보게되어서 정말 행복합니다.
한국의 장단과 창이 이렇게나 매력이 있다는걸 느끼게 해준 작품입니다. 남은 기간동안 무사히 공연되길 바랍니다"
446,5,hyena2***예매자,2020.07.13,조회 5,"공감 0
공감하기",조명과 무대까지 맛집이었던 극,"음악 넘버는 익히 너무 좋다는 거 알고 관극했는데

인물들이 나오면서 시시각각 바뀌는 조명과 배경 이미지

무대에 쏘아지는 조명 실루엣까지도 감탄하고왔네요

마지막 쏟아지는 꽃가루까지 정말 아팠습니다. 잘 봤습니다"
447,5,laajm***예매자,2020.07.13,조회 4,"공감 0
공감하기",개로가.. 아니 우리 왕이.....,"아니... 나도 모르게 쉴드를
아니 이건 어른들이 잘 못 했다"
448,5,cjsthf0***예매자,2020.05.25,조회 515,"공감 4
공감하기",베스트한국적인 미를 정말 잘 살린 뮤지컬,"스토리에 막 엄청난 반전이 있다거나 블록버스터 같은 뮤지컬은 아닌데, 쓸대없는 요소를 거의 제거하고 배우들의 노래와 연기만으로 공백 없이 무대를 꾸린 것 같습니다! 인물들의 의상이 거의 흰색이고 무대장치도 간결하지만 전혀 빈 것 같다는 생각이 안 들고, 여백의 미가 무엇인지를 정말 잘 보여준 뮤지컬이라고 생각합니다. 도창의 소리가 위화감 없이 뮤지컬에 잘 녹아들었고 연출도 정말 훌륭합니다. 절제에서 나오는 우아함이 무엇인지 보여주는 것 같습니다."
449,5,hyena2***예매자,2020.07.13,조회 3,"공감 0
공감하기",아름답고 아픈 이야기와 음악,"국악과 창 너무 좋아합니다..
이 극과 정말 잘 어울리네요

그 누구도 꺾을 수 없던 부부의 사랑과
위안이 필요했던 지존의 이야기..

잘 보았습니다"
450,5,ever3***예매자,2020.07.13,조회 4,"공감 0
공감하기",좋은 공연이었습니다,good
451,5,dudeu***예매자,2020.07.13,조회 5,"공감 0
공감하기",재개해서 너무 좋아요!,중단 공백이 안 느껴지게 배우님들 정말정말 좋네요!!!
452,5,ssuck***예매자,2020.07.13,조회 4,"공감 0
공감하기",너무 좋아요,"이번 시즌 많이 바꿔서 온 아랑가
서사를 더 추가해 좋은부분도 있지만 늘어지는 부분도 있네요"
453,5,hyena2***예매자,2020.07.13,조회 3,"공감 0
공감하기",음악이 정말 최고였어요,"한의 정서도 아름다운 선율도 모두 담고있는 그런 음악과

도창 배우들의 소리가 어우러져 정말 멋진 공연이었습니다"
454,5,Yelin***예매자,2020.07.12,조회 7,"공감 1
공감하기","넘버,연기, 연출 너무 좋다","개로는 개소리를 한다. 흑흑. 이건 스토리상 어쩔 수 없지만 자첫 때보다 정원배우의 개로는 더 어려졌다. 어릴 때부터 저주에 많은 이들의 외면에 고통받고 지쳐버린 어깨. 첫 등장 때부터 이미 너무 힘들어보여서 안쓰러우면 안 되는데 안쓰러워진다고 해야 할까. 어떻게든 저주를 이겨내고 백제를 지켜내려 했지만 결국 자신의 운명 끝에 유일한 빛이라고 생각했던 아랑이 자신의 충신 도미의 부인이라는 것을 안 순간 무너진 느낌이었다. 어째서 내 인생은 이러한가. 자신의 운명의 끝을 알면서도 놓을 수 없었던 아랑이랄까. 도미가 개로에게 당당하게 맞설 때, 개로는 이미 자신의 운명이 저주를 빗겨나갈 수 없음을 깨달은 것 같기도 했다.

정연아랑은 무척 강단져서 개로에게 자신의 뜻을 굽히지 않았고 잠시 도미가 죽을까 자신의 모든 것을 내던지려 했지만 결국 자신의 행복, 사랑이 죽음보다 중요함을 깨닫고 도미와 함께 죽음을 선택한 느낌. 그러면서도 개로에 대한 어릴 적 애정이 충분해서(이성애가 아니다. 모성애느낌이 난달까. 안쓰러운 동물을 보는 느낌도 들고) 부디 행복하길 바라던 모습이 인상깊었다. 민성도미는 와 강하다. 충심이 강했고 백제를 사랑했고 다들 저주받았다 떠들어대지만 개로의 훌륭함을 알고 지지한 느낌. 그랬기에 개로가 자신의 아랑을 탐하는 것에 좌절했고 결국 백제를 지킬 수 없음을 깨달은 것 같았다. 충신이었던 도미가 개로를 비웃고 죽이라 말할 때, 그 가슴 밑바닥에서부터 분노가 쌓여 있었다. 당신을 믿었는데, 내 백제의 왕은 당신이라 믿었는데! 이런 느낌.

규정도림은 무척 다정했다. 그랬기에 이중적인 첩자 노릇으로 개로를 암흑으로 끌어당기는 모습은 너무 무서웠다. 개로가 도림의 말을 들을 수 밖에 없었을 것 같달까. 그에게 그렇게 다정히 당신을 먼저 생각하라는 듯, 그것이 바로 백제를 위한 길이라는 것이라고 살살 달래주는 사람은 처음이었을 테니까. 그래서 그의 배신이 너무나도 차갑게 개로에게 다가왔을 것 같다. 진우사한은 역시나 목소리가 너무 좋다. 곱기도 하고. 도림과의 대결씬에서 규정도림이 인자한 미소 속에 잔인함이 가득한 인물이라서 가녀린 사한의 끝이 너무도 잘 보여서 안쓰러웠다.

인혜도창은 연기가 일품이었다. 특히 아랑에게 배를 전해주는, 눈 잃은 도미가 있는 곳으로 데려다 줄 배를 전해 줄 때의 표정은 잊혀지지 않을 것 같다. 다만, 이건 인혜도창 뿐만 아니라 지혜도창도 그렇고 창할 때 대사와 가사가 잘 들리지 않는다. 자첫이신 분들은 살짝 힘들어할 거 같다. 이게 창을 마이크를 통해하지 않으니 창과 마이크, 그리고 공연장 이 세개가 만나서 들리지 않는 건지, 창에 대해 무지하므로 알 수가 없다.

역시나 나는 도대체 아랑가의 주인공이 누구인지 의심스럽다. 제목만 보면 아랑인데 마지막 엔딩씬을 보면 개로가 주인공같다. 그런데 개로는 어떻게봐도 쓰레기(?)라서 얘가 주인공이면 너무 한거 아닌가 싶은 마음도 든다. 면죄부를 줄래야 줄 수 없는 캐릭터라. 물론 정원 배우는 너무 연기를 잘 했지만 그것과는 별개로 개로에게 감정 이입을 할 수 없다. 물론 개로가 결국 미쳐버린 이유(어릴 때부터 저주를 받아 백제를 멸망시킬 인물이라고 주변에서 쑥덕거렸고, 어머니가 자신의 저주 때문에 죽었다는 이야기도 듣고, 등등)가 있긴 한데 음, 그 때문인지 어찌되었건 원인은 둘째치고 과정과 결말이 다 개로 미친놈, 이 말 밖에 안 나오는데 제일 서사가 뚜렷하다. 도림과 함께. 도미와 아랑, 모두 존재감은 있지만 개로와 도림의 서사를 위해 이용당한 기분이라서 조금 불쾌한 느낌. 일단 선한 캐릭터들이 그렇게 쓰여서 더 그런 것 같다.

그나저나 부채씬이나 마지막 개로의 죽음 위에 위로해주듯 내리는 꽃비, 이야기를 이끌어가는 수많은 장면들을 창으로 연출한 점은 무척 좋았다. 넘버도 좋다. 조금 오글거리는 가사이지만, 아랑가의 대표적인 넘버 아랑가는 정말 좋다. 계속 아랑, 아랑, 흥얼거리게 하고. 그래서 또 보고 싶다. (이게 결론임) 진짜 스토리는 울컥, 짜증이 밀치지만 배우들의 열연과, 연출과, 넘버가 너무 좋다. 서사와 별개로 배우들의 존재감도 여실하고. 일단 한없이 힘들고, 한없이 슬프고, 한없이 무거운 짐을 진, 아주 잠깐 행복에 취했다가 급격하게 무너지는 정원개로가 보고 싶다. 개로가 나쁜놈이건, 미친놈이건, 둘째치고, 어릴 때부터 저주에 짓눌린 한 인간의 견딤과 무너짐(그 과정에서 행한 짓은 차치하자), 그리고 마지막 스러짐까지. 정원 배우가 연기를 잘하는 구나, 다시 한 번 느꼈다. 부디 개로가 저주대로 두 눈을 스스로 찌르고 죽었으나, 눈 먼 채로 구천을 떠돌지는 않기를."
455,5,rpdlqdkd***예매자,2020.07.12,조회 8,"공감 0
공감하기",무대가 너무 예뻐요,"무대가 너무 예뻐요 실처럼 내려와있는 느낌도 넘 좋고
조명도 넘 좋아요 ㅠㅠㅠㅠㅠㅠㅠㅠㅠ
도창님 넘버들이 다 넘 좋고
저번시즌과 다른부분중에 도창님 부분이 늘어난게 좋아요 ㅠ 흑흑.."
456,5,judy200***예매자,2020.07.12,조회 6,"공감 0
공감하기",여운이 오래 가는 극,보고 나오면서 표 더 잡았네요... 최고입니다
457,2,ujacha2***예매자,2020.07.12,조회 21,"공감 0
공감하기",아랑가,"예쁜 노래로 포장한 개로의 왕이라는 지위를 이용한 권력적 폭력

폭력을 직접적으로 묘사하지 않은 점과 판소리를 이용한 것은 좋았습니다"
458,4,tmddbs***예매자,2020.07.12,조회 22,"공감 0
공감하기",너무 슬프네요,개로 엄청 나쁘고 짜증나는데 자꾸 눈물나서 그것도 짜증나고.. 도미커플 불쌍하고...배우들은 다 너무 뛰어나요
459,4,knif***예매자,2020.07.12,조회 19,"공감 0
공감하기",잔잔한 뮤지컬,무대도 너무 이쁘고 배우들 연기도 너무 좋았어요
460,5,tgwae***예매자,2020.07.12,조회 18,"공감 0
공감하기",아랑가,아랑 아랑 아랑 재밌는거 아랑
461,5,esell***예매자,2020.07.11,조회 46,"공감 1
공감하기",최고네요,"탐미적이라는 단어가 어울리는 작품입니다.
아름답기가 이루 말할 수가 없네요.
잡을 수 없는 꿈, 욕망이라는 주제를 무대디자인으로 표현한 것도 너무 대단하고요.
판소리와 서양음악이 이렇게 잘 어울릴 수 있는지도 처음 알았네요.
작품상을 수상했다고 해서 궁금했는데 그 이유를 알겠습니다.
충분히 받을만한 작품입니다."
462,5,ellen9***예매자,2020.07.10,조회 32,"공감 1
공감하기",아랑아랑,계속 맴도는 그 노래 아랑가ㅜ
463,4,ceoso***예매자,2020.07.10,조회 36,"공감 0
공감하기",추천,추천합니다.
464,5,cjsthf0***예매자,2020.05.25,조회 515,"공감 4
공감하기",베스트한국적인 미를 정말 잘 살린 뮤지컬,"스토리에 막 엄청난 반전이 있다거나 블록버스터 같은 뮤지컬은 아닌데, 쓸대없는 요소를 거의 제거하고 배우들의 노래와 연기만으로 공백 없이 무대를 꾸린 것 같습니다! 인물들의 의상이 거의 흰색이고 무대장치도 간결하지만 전혀 빈 것 같다는 생각이 안 들고, 여백의 미가 무엇인지를 정말 잘 보여준 뮤지컬이라고 생각합니다. 도창의 소리가 위화감 없이 뮤지컬에 잘 녹아들었고 연출도 정말 훌륭합니다. 절제에서 나오는 우아함이 무엇인지 보여주는 것 같습니다."
465,3,parkjieunko***예매자,2020.07.10,조회 51,"공감 1
공감하기",아랑가,"재개막 하게 되어 너무 다행이네요
관계자분들 수고많으셨어요!"
466,5,rpdlqdkd***예매자,2020.07.10,조회 44,"공감 0
공감하기",너무 좋아요 재개막해서 너무좋아요 ㅠ,"이번에 진짜 못볼줄 알고 마음졸였는데
다시 재개막해서 기쁩니다 ㅠㅠㅠㅠㅠㅠㅠㅠㅠㅠㅠ
너무좋았어요 조명이랑 연출이랑....
도창님의 파워풀한 목소리는 예전에도 너무너무 좋았는데 더 발전하신거같았어요 너무좋았습니다 ㅠㅠㅠㅠㅠㅠㅠㅠㅠㅠㅠㅠㅠㅠㅠㅠㅠㅠㅠㅠㅠㅠㅠㅠㅠㅠㅠ
초연때부터 봐왔는데 꾸준히 달라지는 부분이 많은거같아요
아직은 덜 익숙해서 ???한 부분도 있었지만 넘 좋았네욥...ㅠ"
467,5,dodor***예매자,2020.07.10,조회 34,"공감 0
공감하기",아랑가!!,"너무 좋았어요
4번 예매만에 봤는데 보길 넘 잘했어요
코로나땜에 기간이 짧아져서 넘 아쉽네요
다음에 다시 꼭 와주세요~!"
468,4,asdfg1***예매자,2020.07.09,조회 43,"공감 0
공감하기",다시보는 아랑가,"역시...아랑가는 항상 옳습니다bbb
넘버부터가 그냥 죽어요 머릿속에 계속 맴돕니다...아랑...아랑....
마지막 엔딩에 개로왕 위로 흩날리는 꽃잎??들....개로왕이 쓰레기지만 불쌍하게 보이는 매직....
무엇보다 진짜 소리꾼을 쓰시는게 대박잉에요...bb 그냥 빠져들수밖에 없습니다...
아랑가 한번도 안본 사람은 있어도 한번 본 사람은 없을거예요..."
469,5,sange***예매자,2020.07.09,조회 43,"공감 0
공감하기",그대는 노래가락되고 나는 목소리되어 훨훨 날아다녀요,인생은 한철 꽃같은것 찻눈오면 때되어 저물지
470,5,yhj100***예매자,2020.07.09,조회 47,"공감 0
공감하기",연장해주세요ㅠ,이렇게 잘 준비해놓고 3주바께 못한다니요ㅠㅠ
471,5,lavit***예매자,2020.07.09,조회 73,"공감 7
공감하기",도미설화가 뮤지컬과 판소리로 거듭나다니 멋지네요,"도미 장군 박민성 배우 너무 멋지고, 개로왕의 송원근 배우님도 너무 멋져요"
472,5,dybel7***,2020.07.09,조회 49,"공감 0
공감하기",너무 울어서 나올때 다리에 힘이빠짐 ㅠ ㅠ,"재개막 감사드립니다!!
배우님들의 온몸을 바치신 열연에 함께 울었습니다
창도 너무 멋지고 상상이상으로 최고의 작품입니다♡♡"
473,5,ehdrmfl0***예매자,2020.07.09,조회 34,"공감 0
공감하기",좋은 공연이었어요,"5월에 첫공 보고 긴 시간 기다리다 재개막 한다는 소식에 언능 예매해 다녀왔네요
오래 기다리다 본 만큼 재미있고 감동깊게 보고 왔어요!!"
474,5,jhi4***예매자,2020.07.09,조회 36,"공감 0
공감하기",나 이런게 좋아하네,"원래 사극 안좋아해서 볼 마음이 없다가
송원근 배우님 필모 뿌시려고 봤는데요..
배우님들 연기, 노래, 연출, 대본, 무대, 극장 모두 훌륭해서
남은 회차 회전문 돌려구요"
475,5,hjpark9***예매자,2020.07.09,조회 28,"공감 0
공감하기",아랑가 재개막 하게 돼서 너무 기뻐요 ㅠㅠ,무사히 다시 볼 수 있어서 너무 기쁘고 오랜만에 보니 더 벅찼어요
476,5,umi8***예매자,2020.07.09,조회 31,"공감 1
공감하기","무대,의상,음악,연기 모든게 최고다",보는내내 너무좋아서 짜릿
477,5,donon***예매자,2020.07.09,조회 34,"공감 0
공감하기","다시 돌아와 정말 기쁘 아랑가!
라이브 후기",기대했던 페어인만큼 기대 그 이상이었습니다.
478,5,alewlah***예매자,2020.07.08,조회 50,"공감 0
공감하기",재개막 너무 감사합니다.,"상황이 상황이다보니 다시 못올라올거라 생각했는데
재개막하게되어 너무 감사합니다"
479,5,joown***예매자,2020.07.07,조회 68,"공감 0
공감하기",분위기 압도적,"스토리는 좀 고루한데 연출 넘버 창이 압도적이네요
배우분들 연기도 넘 좋아요"
480,5,cjsthf0***예매자,2020.05.25,조회 515,"공감 4
공감하기",베스트한국적인 미를 정말 잘 살린 뮤지컬,"스토리에 막 엄청난 반전이 있다거나 블록버스터 같은 뮤지컬은 아닌데, 쓸대없는 요소를 거의 제거하고 배우들의 노래와 연기만으로 공백 없이 무대를 꾸린 것 같습니다! 인물들의 의상이 거의 흰색이고 무대장치도 간결하지만 전혀 빈 것 같다는 생각이 안 들고, 여백의 미가 무엇인지를 정말 잘 보여준 뮤지컬이라고 생각합니다. 도창의 소리가 위화감 없이 뮤지컬에 잘 녹아들었고 연출도 정말 훌륭합니다. 절제에서 나오는 우아함이 무엇인지 보여주는 것 같습니다."
481,5,inbh***예매자,2020.06.24,조회 113,"공감 0
공감하기",바보같은 개로왕,개로왕은 답답하고 짜증났지만 송원근은 좋았어요:D
482,5,sina***,2020.06.17,조회 119,"공감 0
공감하기",인생 최고의 창작극.. 아름답고 아름답다.,"6월 티켓 예매했다가 취소되어 이번 공연은 아직 못봤습니다만, 작년 (2019년 2월) 대학로의 소극장에서 아랑가를 보고 사랑에 빠진 관객입니다. 그때 아랑의 매력에 푹 빠져 이 공연은 꼭 번창하여 국립극장에서 공연하는 날이 오기를 간절히 바랐었지요. 1년만에 정동극장에서, 무려 R석 S석 좌석 등급이 있는 공연장에서 공연을 한다는 소식을 듣고 어찌나 기뻤는지 모릅니다. 비록 6월 공연이 모두 취소되는 바람에 저도 7월 티켓을 다시 예매해야 했지만 말이죠.. 예전에 국립극장에서 공연했던 뮤지컬 카르마처럼 웅장하고 화려한 극은 아니지만 사랑스럽고 소중하여 마음 속에 오래오래 담아두고픈 공연, 아랑가... 아랑가를 공연하는 시대에 함께할 수 있어서 행복합니다. 내년에도, 그 다음해에도, 계속 아랑과 다시 만날 수 있기를 기원합니다. (※ 공연관계자 아님. 그냥 일반 관객임)"
483,5,jamong***예매자,2020.06.13,조회 150,"공감 3
공감하기",넘버와 조명맛집,자칫하면 너무 단조롭고 비어보일 수 있는 배경에 뛰어난 조명연출이 어우러져 시각적으로 만족스러웠던 작품. 넘버 또한 판소리와 뮤지컬 넘버가 합쳐져 진행되는 극인데 그 조화가 매우 뛰어나 여러 번 보고 싶은 작품입니다. 제발 안전하게 다시 재개막만 해주십쇼...
484,3,chanso***예매자,2020.06.10,조회 173,"공감 0
공감하기",도창 사랑해요,"친구랑 같이 관람을 했는데, 친구 말로는 도창이 최고였다고 한다.
다른 배우분들도 물론 잘 하셨고 좋았지만, 도창의 미친 존재감이 빛나는 극이었다-
그리고 개로왕에 대한 이야기가 역사적 사실에 기반을 둔 이야기라는 것은 알았지만,
정확한 내용은 모르고 있었어서 궁금해서 찾아봤더니
그냥 도미설화라고만 나왔고 도미는 백제의 장군이 아닌 일반 평민이었고 아내 이름은 나오지도 않았다;
그런 짧은 한 토막의 이야기를 이렇게 뮤지컬로 탄생시켰다는 것이 대단하다고 생각했다~
그리고 농락당하고 희롱당하는 이름 없는 한 여인에서
주체적으로 자신의 길을 선택하는 아랑이라는 여성으로 재탄생시킨 점이 마음에 들었다!
그런데 트위터에서도 많은 사람들이 아쉬워하던 부분이었는데,
재관람 혜택이 할인권 밖에 없으면 아랑가 회전문 도는 사람들 어떡하라는 건가요...
도장판 예뻐서 받아왔으니 그거 쓸모 있게 혜택을 늘려주면 좋겠습니다.ㅠㅠㅠ
굿즈인 부채와 뱃지도 정말 사고 싶었지만 돈이 없으니 포기.^^"
485,5,gog0***예매자,2020.06.10,조회 97,"공감 0
공감하기",아랑가가 기억되는 작품,"아랑 아랑 아랑 멜로디가 인상적입니다.

배우들의 열연도 좋았습니다."
486,4,chanso***예매자,2020.06.08,조회 100,"공감 0
공감하기",사랑이 무엇인가,"작년 시즌 아랑가를 감명 깊게 봐서 이번에도 꼭 한번은 봐야겠다고 생각했다.
코로나 19로 인한 거리두기 좌석제라서 티켓이 많이 안 풀리니까 자리를 잡기가 더 어려웠던 것 같다-
정동극장 정말 오랜만에 가 보는 것 같은데, 좌석간 단차가 꽤 있고 무대보다 높아서 관람하기는 편했다~
내 기억이 맞다면 작년 무대는 그냥 기존 무대와 평행하게 사각형 단차를 활용했었는데,
이번에는 직각으로 단을 배치하여 무대 가운데로 뾰족하게 돌출이 있게 만들었다!
그 부분을 활용한 연출도 더 극적으로 보이게 하는 효과가 있는 것 같다.^^
근데 두번째 봐도 개로왕은 정말, 후기로 쓰기에는 너무 민망할 정도로 욕해주고 싶었다;
진짜 사랑이 뭐길래 그렇게 충신도 버리고 나라도 망하게 하면서까지 버리지 못하는지...
아랑가 대사 중에 늘 여러 생각을 들게 하는 그 대사가 다시 떠오른다.ㅠㅠㅠ
사랑이 무엇인가"
487,5,ththf***예매자,2020.06.08,조회 64,"공감 0
공감하기",재밌었어요!,"아랑가 재밌어요
얼른 공연이 다시 시작됐으면 좋겠네요!"
488,5,eunhwi***예매자,2020.06.02,조회 83,"공감 0
공감하기",잘해요,"배우님들이 다 잘하세요
근데 내용이 좀 아뤼워요"
489,5,haein***예매자,2020.06.01,조회 110,"공감 0
공감하기",눈물나고 멋있는 극,"극의 열어주고 맺어주는 도창이 너무 멋있어요ㅠㅠㅜㅜㅜ
2주동안 쉰다는게 너무나도 아쉽습니다 ......"
490,5,kjmin***예매자,2020.06.01,조회 160,"공감 0
공감하기",미쟝센 하나만큼은 정말 최고,"어떻게 돌아올지 정말 고대했는데 예상보다 연출이나 서사는 크게 변하지 않아서 시원섭섭함.
연출은 기존의 버전을 조금씩 융합한듯하고, 여전히 넘버는 아름답기 그지없다.

와중 들려온 배우들의 열연과 곧 이어진 코로나19발 공연 취소가 너무나 아쉽다
힘들게 올린 공연이었던만큼 앞으로 더 멋진 모습으로 비상하기를 기원하며,"
491,5,dumbo1***예매자,2020.06.01,조회 69,"공감 0
공감하기",무대가예뻐요,부채씬 인상깊었어요
492,4,jyj9***예매자,2020.06.01,조회 83,"공감 0
공감하기",아랑 아랑 아랑 아랑 아랑 아랑 아랑,"이게 중간 막공이 될 줄은 몰랐는데요
봐서 다행이라고 생각해요
코로나 빨리 꺼지고 정상화 되면 좋겠어요.
방역도 거리두기도 철저히 하는데 국공립이라 중단된거 너무 이햏하지만 아쉽고 그래여"
493,5,sang1***예매자,2020.06.01,조회 49,"공감 0
공감하기",아랑가,궁금했던 극여서 기대를 잔뜩안고 봄 도창부분이 너무도 좋았다 생각보다 도창분량도 많고 의상이나 무대도 고전적이면서 전통적인 느낌도 좋았다 별다른 무대장치없이 영상처리들이 많아서 좀아쉬웠지만 한번씩은 봐도 괜찮은듯하다 아랑아랑~ 뒷가에 맴도는 구절하나여도 좋았다
494,5,joonjoon1***예매자,2020.06.01,조회 41,"공감 0
공감하기",감동적인 공연,추천합니다
495,5,kaira***예매자,2020.06.01,조회 37,"공감 0
공감하기",아랑가,아랑가 너무 보고싶어요 꼭 다시 볼수있길 기다리고있겠습니다
496,5,cjsthf0***예매자,2020.05.25,조회 515,"공감 4
공감하기",베스트한국적인 미를 정말 잘 살린 뮤지컬,"스토리에 막 엄청난 반전이 있다거나 블록버스터 같은 뮤지컬은 아닌데, 쓸대없는 요소를 거의 제거하고 배우들의 노래와 연기만으로 공백 없이 무대를 꾸린 것 같습니다! 인물들의 의상이 거의 흰색이고 무대장치도 간결하지만 전혀 빈 것 같다는 생각이 안 들고, 여백의 미가 무엇인지를 정말 잘 보여준 뮤지컬이라고 생각합니다. 도창의 소리가 위화감 없이 뮤지컬에 잘 녹아들었고 연출도 정말 훌륭합니다. 절제에서 나오는 우아함이 무엇인지 보여주는 것 같습니다."
497,5,dudeu***예매자,2020.06.01,조회 42,"공감 0
공감하기",인상적인 무대,"도창, 배우들, 무대연출 다 좋았어요!"
498,5,tjss***예매자,2020.06.01,조회 35,"공감 0
공감하기",재밌어요,재밌어요
499,4,pal***예매자,2020.06.01,조회 51,"공감 0
공감하기",뮤지컬 아랑가,"조명도 그렇고 배우들도 좀 아쉬웠어요
도창님이 머리채 잡고 끌고 가는 느낌ㅠㅠ"
500,3,zoa38***예매자,2020.06.01,조회 47,"공감 0
공감하기",아랑 아랑 아랑 아랑,"보고싶어요, 다시 시작할 때까지 나 여기서 기다린다 ㅠ"
501,5,tkfkd***예매자,2020.06.01,조회 26,"공감 0
공감하기",매력적인 공연,"도창의 매력에 퐁당 빠져들게 되네요.
보고나면 아랑아랑이 귀에 계속 맴돈답니다."
502,5,fand***예매자,2020.06.01,조회 20,"공감 0
공감하기",아랑가,아랑 아랑 아랑~ 넘버 좋아요!!! 잠시 쉬어가는게 아쉽지만 그만큼 다시 볼날이 더 기대됩니다!!
503,5,yeon***,2020.06.01,조회 18,"공감 0
공감하기",아랑가,취소돼서 못봤어ㅠㅠ
504,5,kimhel***예매자,2020.06.01,조회 25,"공감 0
공감하기",다시 돌아오기까지 아랑아랑~,기다릴게요 무대도 너무 이쁘고 꼭 다시 만나요 !!
505,5,pgy0***예매자,2020.06.01,조회 16,"공감 0
공감하기",아랑 아랑 아랑,아랑 아랑 아랑
506,5,damdam2***예매자,2020.06.01,조회 11,"공감 0
공감하기",아랑아랑,넘버가 귀에서 계속 멤도는ㅎㅎㅎ 넘버가 정말 좋아요ㅠㅠㅠ 조명이랑 어우러지는 무대도 너무 예뻤습니다!!
507,5,ysn412***예매자,2020.05.30,조회 58,"공감 0
공감하기",아랑가 내놔....ㅠㅜㅠㅜ,아랑가 돌아와ㅠㅜㅠㅠㅠ
508,5,yuail***예매자,2020.05.30,조회 60,"공감 0
공감하기",공연중단소식..,너무 슬프지만 기다리고 있을께요 !!
509,5,yuail***예매자,2020.05.30,조회 38,"공감 0
공감하기",다시돌아온 아랑가♡,삼연최고입니다!
510,5,star***예매자,2020.05.29,조회 40,"공감 0
공감하기",좋아요!,"아랑가를 처음 봐서 어떤 내용인가 많이 궁금한 공연이었는데

이번에 정동극장에서 올라와서 볼 수 있었네요!

생각보다 너무 재밌었습니다!"
511,5,eunsook3***예매자,2020.05.29,조회 53,"공감 0
공감하기",좋았어요,창을 기반으로 한 공연의 흐름이 굉장히 인상적이었고 좋았습니다. 배우분들 열연 덕분에 감정이입되서 정말 잘 보고 나왔습니다. 공연보고 나오니까 공연 잠정 중단 소식이 들려서 매우 안타깝네요ㅠ 14일 이후에 재개되어서 꼭 다시 보고 싶습니다.
512,5,cjsthf0***예매자,2020.05.25,조회 515,"공감 4
공감하기",베스트한국적인 미를 정말 잘 살린 뮤지컬,"스토리에 막 엄청난 반전이 있다거나 블록버스터 같은 뮤지컬은 아닌데, 쓸대없는 요소를 거의 제거하고 배우들의 노래와 연기만으로 공백 없이 무대를 꾸린 것 같습니다! 인물들의 의상이 거의 흰색이고 무대장치도 간결하지만 전혀 빈 것 같다는 생각이 안 들고, 여백의 미가 무엇인지를 정말 잘 보여준 뮤지컬이라고 생각합니다. 도창의 소리가 위화감 없이 뮤지컬에 잘 녹아들었고 연출도 정말 훌륭합니다. 절제에서 나오는 우아함이 무엇인지 보여주는 것 같습니다."
513,3,parkjieunko***예매자,2020.05.29,조회 77,"공감 0
공감하기",공연중단소식,아쉬워요
514,4,boastfu***예매자,2020.05.29,조회 56,"공감 0
공감하기",좋았어요,"개로왕은 아주...심한욕 하고 싶은 캐릭터이긴 하지만...배우분들 목소리와 넘버가 너무 좋았어요
특히 도창 역의 배우님 너무 멋있으셨다ㅜ"
515,5,qnf***예매자,2020.05.28,조회 65,"공감 0
공감하기",아랑 두글자로 사람을 이렇게,설레고 슬프고 신나고 다 하게 만듭니다ㅠㅠ
516,5,ehdwls***예매자,2020.05.28,조회 47,"공감 0
공감하기",아랑가,완전 새로운 뮤지컬이었습니다!! 너무 재밌게 잘 봤어요!!
517,5,tndus6***예매자,2020.05.28,조회 48,"공감 0
공감하기",아랑아랑아랑아-랑-,자꾸 머리에 맴돌아요 또 보러가려고 자둘표 잡았어요
518,5,micky***예매자,2020.05.28,조회 35,"공감 0
공감하기",dfsdfdfdgdfg,sfdsdffsdfddd
519,5,jwj0***예매자,2020.05.28,조회 48,"공감 0
공감하기",잘 본거 같아요!,"단차도 좋았고, 거리두기 띄엄띄엄 앉는 좌석도 좋았고, 시야도 괜찮았고
극도 괜찮았고 오로지 조명으로만 표현했지만 그럼에도 꽉 찼던 연출 진짜 괜찮았던거 같아요.
배우분들도 잘 하셨구요. 잘 봤습니다."
520,4,apfna***예매자,2020.05.27,조회 62,"공감 0
공감하기","창과 뮤지컬 굉장히 잘 어울려요
라이브 후기",음악도 좋고 단순하지만 무대도 예뻐요. 전 캐스트 다 연기며 노래며 좋았는데 일부 안 들리는 부분이 있어서 아쉽네요.
521,4,mnbv***예매자,2020.05.27,조회 47,"공감 0
공감하기",좋았어요,사회적 거리두기로 한칸 띄어 앉기 좋아요
522,4,v***예매자,2020.05.27,조회 48,"공감 0
공감하기",신선한 극이었어요.,좋았습니다.
523,5,wpr***예매자,2020.05.27,조회 53,"공감 0
공감하기",매력있는 극입니다.,"전개가 살짝 지루하지만 큰 무대세트 없이도 깔끔한 극을 볼 수 있네요.
라이브 밴드도 좋고 도창분의 멋있는 소리가 일품입니다.
다만 좌석위치에 따라 음향이 좀 다르네요.
B구역에 앉으면 무대와 연기는 잘 보이는데 가사가 잘 안 들리고
A,C구역에 앉으면 가사가 잘 들리는 대신 무대 보기가 좀 불편해요.
이 부분은 아쉽습니다."
524,5,alwl1***예매자,2020.05.27,조회 92,"공감 4
공감하기",다시봐도 좋았습니다,"첫공연을 보고 또 보고싶어서 바로 예매했습니다.
이지숙배우님 진짜 최고입니다.
박민성배우님 처음 봤는데 너무 달달한 캐미보여주시고...캬"
525,2,bbanddo***예매자,2020.05.27,조회 88,"공감 0
공감하기",아쉬웠던 공연,"이전시즌을 정말 재밌게 보아서 기대가 컸던 작품입니다. 초연에서 재연으로 오면서 많은 내용이 바뀐것을 알기에 삼연도 큰 변화가 있을것이라고 어렴풋이 생각하고 갔는데요, 재연을 올리며 보충한 서사의 개연성을 초연버전으로 다시 바꾼 것이 조금 이해가 가지 않았습니다. 스토리까지는 익숙함의 정도, 호불호의 영역이라고 생각하고 넘겼지만 소품으로 들고나온 칠지도는 정말 이해가... 아무리 설화를 바탕으로 만든 극이라고 해도 일말의 고증도, 역사의식도 없이 단지 인지도 높은 유물을 아무 장면에서나 들고 나와 활용하는것이 썩 달갑지 않습니다. 소품에 관련하여서 조금 더 신경써주시는 모습이 보고싶습니다."
526,5,shoon***예매자,2020.05.26,조회 57,"공감 0
공감하기",창과 뮤지컬의 만남!!,너무 멋있고 또 슬펐습니다ㅠㅠ 도창님 최고예요
527,5,dudeu***예매자,2020.05.25,조회 54,"공감 0
공감하기",아랑~아랑~,"귀에서 빠져나오지 않아요 ㅎㅎㅎㅎ
송원근 개로왕 연기 너무 잘하시네요!!"
528,5,cjsthf0***예매자,2020.05.25,조회 515,"공감 4
공감하기",베스트한국적인 미를 정말 잘 살린 뮤지컬,"스토리에 막 엄청난 반전이 있다거나 블록버스터 같은 뮤지컬은 아닌데, 쓸대없는 요소를 거의 제거하고 배우들의 노래와 연기만으로 공백 없이 무대를 꾸린 것 같습니다! 인물들의 의상이 거의 흰색이고 무대장치도 간결하지만 전혀 빈 것 같다는 생각이 안 들고, 여백의 미가 무엇인지를 정말 잘 보여준 뮤지컬이라고 생각합니다. 도창의 소리가 위화감 없이 뮤지컬에 잘 녹아들었고 연출도 정말 훌륭합니다. 절제에서 나오는 우아함이 무엇인지 보여주는 것 같습니다."
529,5,wpr***예매자,2020.05.25,조회 98,"공감 2
공감하기",도창이 엄청나게 쩔어줍니다,"스토리 완성도 넘버 의상 배우 연기 등등에 호불호가 갈릴 순 있겠지만
도창이 압도적인 분위기로 다 씹어먹기 때문에 또 보고싶어졌습니다."
530,4,pbs38***예매자,2020.05.25,조회 75,"공감 0
공감하기",손수건 챙기세요,"와 정말 넘버 진짜 좋고 도창이 부채 탁 내려놓는 장면이 있는데 진짜 소름끼치면서 감정 올라왔어요,, 정말 오열하면서 보다가 왔습니다. 솔직히 불호 포인트가 있었지만 넘버도 좋고 조명이나 연출도 괜찮아서 한번쯤은 볼 만 해요!"
531,5,hsy0***예매자,2020.05.25,조회 48,"공감 0
공감하기",한국적인 뮤지컬,"독특하고 아름다운 공연..
배우분들도 너무 잘하시고 중긴중간 판소리로 끌어가는 부분도 너무 좋았습니다.
모든 배역이 다 잘 얽혀있는 좋은 공연이었어요..
더블로 캐스팅된 배우분들 공연도 관람해야겠어요..."
532,5,nichol***,2020.05.25,조회 93,"공감 5
공감하기",너무 아름다운 작품,작품에 푸욱 빠졌다가 나왔네요.. 몰입도가 장난 아니에요 조연 서사가 조금 더 있었으면 했지만... 성도미ㅠㅠ너무 잘해요
533,5,choiyuns***예매자,2020.05.25,조회 44,"공감 0
공감하기",아랑가,"백제 최고의 후크송,,
정동의 분위기와 너무 잘어울렸어요"
534,5,hana870***예매자,2020.05.25,조회 33,"공감 0
공감하기",아랑가,아랑 아랑 아랑 계속 맴도는 넘버
535,4,sgp1***예매자,2020.05.25,조회 39,"공감 0
공감하기",재미있어요,"왜 굳이 무대를 뜯어내고 op석을 만들었는지에 대한 효용성은 잘 느끼지 못했지만 극 전반의 무대 연출이나 배우들의 목소리, 연기, 그리고 음향 세션은 정말 좋았습니다."
536,5,cjsthf0***예매자,2020.05.25,조회 515,"공감 4
공감하기",한국적인 미를 정말 잘 살린 뮤지컬,"스토리에 막 엄청난 반전이 있다거나 블록버스터 같은 뮤지컬은 아닌데, 쓸대없는 요소를 거의 제거하고 배우들의 노래와 연기만으로 공백 없이 무대를 꾸린 것 같습니다! 인물들의 의상이 거의 흰색이고 무대장치도 간결하지만 전혀 빈 것 같다는 생각이 안 들고, 여백의 미가 무엇인지를 정말 잘 보여준 뮤지컬이라고 생각합니다. 도창의 소리가 위화감 없이 뮤지컬에 잘 녹아들었고 연출도 정말 훌륭합니다. 절제에서 나오는 우아함이 무엇인지 보여주는 것 같습니다."
537,5,tkddk1***예매자,2020.05.25,조회 36,"공감 0
공감하기",뮤지컬 〈아랑가〉,국악이 깔린 아름다운 음악이 극과 너무 잘 어울리고 도창역할하신 박인혜 배우님 너뭐 멋있으심♡ 지난 공연을 봤었는데 좀 달라진 점도 있고 무대도 달라져 완전 새롭게 봤습니다!
538,5,shix***예매자,2020.05.25,조회 31,"공감 0
공감하기",아~랑~아랑~아~랑~,수능금지곡
539,5,bisbis***예매자,2020.05.25,조회 51,"공감 2
공감하기",눈물 주르륵...,박민성 도미장군 멋있네요ㅠㅠㅠㅠ 이지숙 아랑도ㅠㅠㅠ 박인혜 도창 최고! 연출이나 음악 다 너무 좋아요! 근데 개로는 싫어.....
540,4,he***예매자,2020.05.25,조회 25,"공감 0
공감하기",좋아요,"무대가 아름답고 인상 깊었네요
배우분들의 에너지에 압도되어 극에 빨려 들어갔습니다
멋진 작품 입니다"
541,4,lemo***예매자,2020.05.25,조회 29,"공감 0
공감하기",넘 슬픈 멜로디의 아랑가..,"지난 시즌 넘버가 좋아서 기억에 남는 극이었는데..
이번에 다시 돌아와 너무 반가웠어요~
그런데 지난 시즌과 달리 바뀐 부분들이 보이네요..
살짝 아쉬운 부분들도 있지만 조명으로 표현되는 부분도 좋았고,
역시나 넘버는 넘 슬프면서도 처연하네요..
배우분들의 열연에 넘 잘 봤습니다~"
542,4,shs8***예매자,2020.05.25,조회 27,"공감 0
공감하기",아랑가,"좋았어요
짱"
543,3,ban***예매자,2020.05.25,조회 33,"공감 0
공감하기",좋아요,넘버 좋아요
544,5,cjsthf0***예매자,2020.05.25,조회 515,"공감 4
공감하기",베스트한국적인 미를 정말 잘 살린 뮤지컬,"스토리에 막 엄청난 반전이 있다거나 블록버스터 같은 뮤지컬은 아닌데, 쓸대없는 요소를 거의 제거하고 배우들의 노래와 연기만으로 공백 없이 무대를 꾸린 것 같습니다! 인물들의 의상이 거의 흰색이고 무대장치도 간결하지만 전혀 빈 것 같다는 생각이 안 들고, 여백의 미가 무엇인지를 정말 잘 보여준 뮤지컬이라고 생각합니다. 도창의 소리가 위화감 없이 뮤지컬에 잘 녹아들었고 연출도 정말 훌륭합니다. 절제에서 나오는 우아함이 무엇인지 보여주는 것 같습니다."
545,4,bor***예매자,2020.05.25,조회 44,"공감 0
공감하기",공연장을 가는길부터 두근두근,공연장을 가는 길부터 두근두근
546,4,bor***예매자,2020.05.25,조회 33,"공감 0
공감하기",도창이 멋지네요,뮤지컬에 도창이란 역할이 있는게 특이했어요
547,5,j4***예매자,2020.05.25,조회 36,"공감 0
공감하기",매우 잘 관람했어요.,공연을 통해서 인간의 욕심은 큰 화를 부른다는 사실을 다시금 깨닫게 되었던 정말 좋은 작품이자 슬픈 이야기의 작품입니다.
548,5,since1***예매자,2020.05.25,조회 42,"공감 2
공감하기",생각보다 괜찮았어요,"많이 걱정하고 갓는데 배우들이 멱살잡고 끌고가네요
너무좋아요
박민성배우 성대 실망시키지 않아요
짱
없는 서사 채워주심 !!"
549,4,ddw9***예매자,2020.05.25,조회 44,"공감 0
공감하기",송원근 최고,못하는게 뭐야 없어
550,5,riwa***예매자,2020.05.25,조회 49,"공감 0
공감하기",재연과 많이 다르네요,살짝 아쉬웠지만 여전히 넘버는 너무 좋아요
551,4,thebes***예매자,2020.05.25,조회 35,"공감 0
공감하기",생각보다 재밌었어요!,초연 보고 이번에 본 건데 오랜만이어서 그런지 재밌었어요! 아랑가 특유의 그 분위기는 여전히 좋아요!
552,5,tjss***예매자,2020.05.25,조회 29,"공감 0
공감하기",보러오세요,보러오세요
553,4,ayu***예매자,2020.05.25,조회 44,"공감 0
공감하기","지난 시즌에 비해 서사가 보충된 느낌!
라이브 후기","뭔가 격한 감정의 쓰나미는 좀 잠잠해졌지만, 대신 서사가 채워지면서 아랑의 감정이 풍부하게 다가와서 좋았습니다."
554,5,8402j***예매자,2020.05.25,조회 34,"공감 0
공감하기",음..,지루해요.. 도창 없었음 극 내내 몸 베베 꼬았을 듯ㅠ
555,5,shinhwa***예매자,2020.05.25,조회 30,"공감 0
공감하기",송원근 개로 좋네요,첫공인데도 감정 좋았어요
556,5,jyj9***예매자,2020.05.25,조회 24,"공감 0
공감하기",백제 최고 후크송,아랑아랑아랑아랑아랑아랑아랑
557,4,yyhu***예매자,2020.05.25,조회 24,"공감 0
공감하기",잘 봤습니다,잘봤어요
558,5,psb***예매자,2020.05.25,조회 24,"공감 0
공감하기",아랑가 머릿속에서 맴도네요,"기대 했던 작품이라 어떨지 엄청 궁금했습니다
별다른 무대장치 없었는데 그 때문에 배우들 연기에 집중할수 있었네요
도창의 노래와 연기가 인상이 깊었고 도림과 개로의 듀엣도 좋았습니다
개로왕의 마지막 장면이 인상이 깊네요"
559,5,cdm0***예매자,2020.05.25,조회 19,"공감 0
공감하기",첫공 잘봤습니다,나! 오피 잡았다!
560,5,cjsthf0***예매자,2020.05.25,조회 515,"공감 4
공감하기",베스트한국적인 미를 정말 잘 살린 뮤지컬,"스토리에 막 엄청난 반전이 있다거나 블록버스터 같은 뮤지컬은 아닌데, 쓸대없는 요소를 거의 제거하고 배우들의 노래와 연기만으로 공백 없이 무대를 꾸린 것 같습니다! 인물들의 의상이 거의 흰색이고 무대장치도 간결하지만 전혀 빈 것 같다는 생각이 안 들고, 여백의 미가 무엇인지를 정말 잘 보여준 뮤지컬이라고 생각합니다. 도창의 소리가 위화감 없이 뮤지컬에 잘 녹아들었고 연출도 정말 훌륭합니다. 절제에서 나오는 우아함이 무엇인지 보여주는 것 같습니다."
561,5,jh950***예매자,2020.05.25,조회 19,"공감 0
공감하기",도창bbb,최고에여 너무 멋있어요....
562,5,sona***예매자,2020.05.24,조회 22,"공감 0
공감하기",역시 ㅠㅠ 아랑가는 너무 좋습니다.,초연부터 실망없는 극ㅠ 뭔들 다 좋습니다. 근데 도림곡 하나 사라져 슬퍼요ㅠ 한규정 배우님의 도림 기대했는데 특히 그곡 기대했는데ㅠ 그곡 다시 안되나요?ㅠ 도림의 번뇌가 잘 담겨져 있어 좋아라했는데ㅠㅡㅠ 아쉬워요 ㅠ
563,5,iandh***예매자,2020.05.24,조회 56,"공감 0
공감하기",개로와 도창 도림이 다한 작품,이 세명이 정말 중요한 역할이구나 느낌. 특히 도창의 역할이 중요한데 너무 잘함 후회 없음
564,4,parkjieunko***예매자,2020.05.24,조회 59,"공감 0
공감하기",도창,도창이 정말 매력적이에요
565,5,cs***예매자,2020.05.24,조회 57,"공감 0
공감하기","뮤지컬 아랑가
라이브 후기",아랑 아랑
566,5,cs***예매자,2020.05.24,조회 47,"공감 0
공감하기",아랑가,아랑 아랑~ 아랑 아랑
567,4,xwhit***예매자,2020.05.23,조회 103,"공감 0
공감하기","드디어 자첫했는데..
라이브 후기",지난 시즌 입소문이 워낙 많이 났어서 보고 싶었는데 회전도는 극들이 많아서 시간을 못잡았었는데 드디어 자첫을 하게 됐네요. 일단 극장단차 최고여서 극장이 맘에 들었구요 무대활용도도 좋았어요. 배우님들 이제 시작했다는게 믿기지 않을 정도로 연기도 성대도 최고였어요. 특히 런개로♡♡ 그런데 이런 수많은 장점에도 불구하고 극자체의 매력이 아직은 잘 와닿지가 않네요. 무조건 앞열을 선호하시는 분들 아니라면 중앙 중블이후도 시야 좋았어요. 조금더 예열이 되면 몇번 더 보고 싶네요
568,5,janeah***예매자,2020.05.23,조회 69,"공감 0
공감하기","전 좋았어요 송개로님 성대 짱짱입니다.
라이브 후기",극이 호불호가 있을 수 있겠지만 전 몰입해서 잘 봤습니다. 특히 개로역 송원근님 새로운 역할 보게되서 새로웠고 넘버 소화력이 뛰어나서 노래가 정말 좋았어요. 양승리 도림과 정연 아랑님 소리도 정말 좋았습니다. 조명과 소품으로 상징적 표현하는 것도 좋아습니다.
569,5,***예매자,2020.05.23,조회 60,"공감 0
공감하기",넘좋았습니다,"역사의 한 단면 속 상상력을 더해 아랑이라는 여자와 연관된 이야기들을 담은 판소리 뮤지컬!
정동극장을 매번 애정해왔는데, 아랑가도 참 웰메이드 작품이네요!
노래도 좋고 구성도 좋고 배우들 연기와 노래도 좋았습니다!
또 보러갈게요!"
570,2,kim098***예매자,2020.05.23,조회 100,"공감 0
공감하기",아쉬운 부분이 많았어요,"재연보다 도창부분이 뭔가 빠진 것 같고
사환 비중도 너무 적어진 것 같고
바뀐 부분들은 전부 아쉬워 졌어요"
571,2,parkjieunko***예매자,2020.05.23,조회 192,"공감 2
공감하기",아쉬워요,"무대도 예쁘고 곡들도 좋아요
다만 대본이 너무 아쉽네요"
572,4,joown***예매자,2020.05.23,조회 102,"공감 0
공감하기","잘 봤습니다~
라이브 후기",작년 재연때보고 1년만에 다시 올라온다길래 기대반 걱정반으로 봤네요 아쉬움이 없다고는 못하지만 그래도 재밌게 잘 봤습니다~
573,5,alwl1***예매자,2020.05.22,조회 131,"공감 2
공감하기",와...,"첫공연 보고 나오자마자 다른회차 예매했습니다.

이지숙배우님 목소리 진짜 ㅠㅠㅠㅠㅠㅠ 연기도 너무 좋습니다.
양승리 배우님도 ㅠㅠ 어쩜 그럼게 능청맞으신가요...
두분 캐스팅으로 예매 완료!!!

개로역 배우님도 연기 너무 잘하셔서 몰입해서 봤습니다!
순수하고 맑은 느낌의 사한덕분에 눈물 쏙 뺐어요...!
도창님은 무대를 찢어놓으시더라구요!!!
또 만나요 아랑가!!"
